<?xml version="1.0" encoding="UTF-8" ?><gpx version="1.1" creator="GPSLogger 134 - http://gpslogger.mendhak.com/" xmlns:xsi="http://www.w3.org/2001/XMLSchema-instance" xmlns="http://www.topografix.com/GPX/1/1" xmlns:gpxtpx="http://www.garmin.com/xmlschemas/TrackPointExtension/v2" xsi:schemaLocation="http://www.topografix.com/GPX/1/1 http://www.topografix.com/GPX/1/1/gpx.xsd http://www.garmin.com/xmlschemas/TrackPointExtension/v2 https://www8.garmin.com/xmlschemas/TrackPointExtensionv2.xsd "><metadata><time>2025-10-06T01:02:45.000Z</time></metadata><trk><name>20251006100150</name><trkseg><trkpt lat="35.78010415658355" lon="140.31489573419094"><ele>59.0</ele><time>2025-10-06T01:02:45.000Z</time><extensions><gpxtpx:TrackPointExtension><gpxtpx:bearing>179.5</gpxtpx:bearing><gpxtpx:speed>15.12</gpxtpx:speed></gpxtpx:TrackPointExtension></extensions><geoidheight>39.2</geoidheight><src>gps</src><sat>32</sat><hdop>0.4</hdop><vdop>0.8</vdop><pdop>0.8</pdop></trkpt>
<trkpt lat="35.77957672532648" lon="140.31482943333685"><ele>59.0</ele><time>2025-10-06T01:02:49.000Z</time><extensions><gpxtpx:TrackPointExtension><gpxtpx:bearing>187.8</gpxtpx:bearing><gpxtpx:speed>14.349999</gpxtpx:speed></gpxtpx:TrackPointExtension></extensions><src>gps</src></trkpt>
<trkpt lat="35.778547511436045" lon="140.3144471347332"><ele>60.0</ele><time>2025-10-06T01:02:58.000Z</time><extensions><gpxtpx:TrackPointExtension><gpxtpx:bearing>200.2</gpxtpx:bearing><gpxtpx:speed>12.09</gpxtpx:speed></gpxtpx:TrackPointExtension></extensions><geoidheight>39.2</geoidheight><src>gps</src><sat>27</sat><hdop>0.4</hdop><vdop>0.8</vdop><pdop>1.0</pdop></trkpt>
<trkpt lat="35.775172538124025" lon="140.31262557953596"><ele>56.0</ele><time>2025-10-06T01:03:34.000Z</time><extensions><gpxtpx:TrackPointExtension><gpxtpx:bearing>222.8</gpxtpx:bearing><gpxtpx:speed>8.94</gpxtpx:speed></gpxtpx:TrackPointExtension></extensions><geoidheight>39.2</geoidheight><src>gps</src><sat>32</sat><hdop>0.4</hdop><vdop>0.8</vdop><pdop>1.0</pdop></trkpt>
<trkpt lat="35.77492539770901" lon="140.31234252266586"><ele>58.0</ele><time>2025-10-06T01:03:38.000Z</time><extensions><gpxtpx:TrackPointExtension><gpxtpx:bearing>222.7</gpxtpx:bearing><gpxtpx:speed>8.309999</gpxtpx:speed></gpxtpx:TrackPointExtension></extensions><src>gps</src></trkpt>
<trkpt lat="35.774739403277636" lon="140.31213901005685"><ele>60.0</ele><time>2025-10-06T01:03:41.000Z</time><extensions><gpxtpx:TrackPointExtension><gpxtpx:bearing>219.5</gpxtpx:bearing><gpxtpx:speed>8.88</gpxtpx:speed></gpxtpx:TrackPointExtension></extensions><src>gps</src></trkpt>
<trkpt lat="35.77454762533307" lon="140.3119377605617"><ele>60.0</ele><time>2025-10-06T01:03:44.000Z</time><extensions><gpxtpx:TrackPointExtension><gpxtpx:bearing>218.4</gpxtpx:bearing><gpxtpx:speed>9.059999</gpxtpx:speed></gpxtpx:TrackPointExtension></extensions><src>gps</src></trkpt>
<trkpt lat="35.77436087653041" lon="140.31175059266388"><ele>60.0</ele><time>2025-10-06T01:03:47.000Z</time><extensions><gpxtpx:TrackPointExtension><gpxtpx:bearing>219.4</gpxtpx:bearing><gpxtpx:speed>8.49</gpxtpx:speed></gpxtpx:TrackPointExtension></extensions><src>gps</src></trkpt>
<trkpt lat="35.774183850735426" lon="140.31156912446022"><ele>60.0</ele><time>2025-10-06T01:03:50.000Z</time><extensions><gpxtpx:TrackPointExtension><gpxtpx:bearing>219.6</gpxtpx:bearing><gpxtpx:speed>8.94</gpxtpx:speed></gpxtpx:TrackPointExtension></extensions><src>gps</src></trkpt>
<trkpt lat="35.774001041427255" lon="140.31138019636273"><ele>61.0</ele><time>2025-10-06T01:03:53.000Z</time><extensions><gpxtpx:TrackPointExtension><gpxtpx:bearing>220.8</gpxtpx:bearing><gpxtpx:speed>8.889999</gpxtpx:speed></gpxtpx:TrackPointExtension></extensions><src>gps</src></trkpt>
<trkpt lat="35.77382577583194" lon="140.3111924417317"><ele>61.0</ele><time>2025-10-06T01:03:56.000Z</time><extensions><gpxtpx:TrackPointExtension><gpxtpx:bearing>219.0</gpxtpx:bearing><gpxtpx:speed>8.25</gpxtpx:speed></gpxtpx:TrackPointExtension></extensions><src>gps</src></trkpt>
<trkpt lat="35.77364036813378" lon="140.3110204450786"><ele>62.0</ele><time>2025-10-06T01:03:59.000Z</time><extensions><gpxtpx:TrackPointExtension><gpxtpx:bearing>215.8</gpxtpx:bearing><gpxtpx:speed>8.45</gpxtpx:speed></gpxtpx:TrackPointExtension></extensions><src>gps</src></trkpt>
<trkpt lat="35.77345718163997" lon="140.31083847396076"><ele>63.0</ele><time>2025-10-06T01:04:02.000Z</time><extensions><gpxtpx:TrackPointExtension><gpxtpx:bearing>219.3</gpxtpx:bearing><gpxtpx:speed>8.69</gpxtpx:speed></gpxtpx:TrackPointExtension></extensions><src>gps</src></trkpt>
<trkpt lat="35.77325769234449" lon="140.31065046787262"><ele>63.0</ele><time>2025-10-06T01:04:05.000Z</time><extensions><gpxtpx:TrackPointExtension><gpxtpx:bearing>215.1</gpxtpx:bearing><gpxtpx:speed>9.41</gpxtpx:speed></gpxtpx:TrackPointExtension></extensions><src>gps</src></trkpt>
<trkpt lat="35.7730325544253" lon="140.31043983064592"><ele>62.0</ele><time>2025-10-06T01:04:08.000Z</time><extensions><gpxtpx:TrackPointExtension><gpxtpx:bearing>218.8</gpxtpx:bearing><gpxtpx:speed>10.58</gpxtpx:speed></gpxtpx:TrackPointExtension></extensions><src>gps</src></trkpt>
<trkpt lat="35.77278671320528" lon="140.31022340990603"><ele>61.0</ele><time>2025-10-06T01:04:11.000Z</time><extensions><gpxtpx:TrackPointExtension><gpxtpx:bearing>215.3</gpxtpx:bearing><gpxtpx:speed>10.19</gpxtpx:speed></gpxtpx:TrackPointExtension></extensions><src>gps</src></trkpt>
<trkpt lat="35.772542003542185" lon="140.3100195620209"><ele>61.0</ele><time>2025-10-06T01:04:14.000Z</time><extensions><gpxtpx:TrackPointExtension><gpxtpx:bearing>216.8</gpxtpx:bearing><gpxtpx:speed>11.05</gpxtpx:speed></gpxtpx:TrackPointExtension></extensions><src>gps</src></trkpt>
<trkpt lat="35.77228459529579" lon="140.30975461006165"><ele>61.0</ele><time>2025-10-06T01:04:17.000Z</time><extensions><gpxtpx:TrackPointExtension><gpxtpx:bearing>217.5</gpxtpx:bearing><gpxtpx:speed>13.03</gpxtpx:speed></gpxtpx:TrackPointExtension></extensions><src>gps</src></trkpt>
<trkpt lat="35.771985738538206" lon="140.3094653505832"><ele>61.0</ele><time>2025-10-06T01:04:20.000Z</time><extensions><gpxtpx:TrackPointExtension><gpxtpx:bearing>219.2</gpxtpx:bearing><gpxtpx:speed>14.61</gpxtpx:speed></gpxtpx:TrackPointExtension></extensions><src>gps</src></trkpt>
<trkpt lat="35.771667435765266" lon="140.30912328511477"><ele>61.0</ele><time>2025-10-06T01:04:23.000Z</time><extensions><gpxtpx:TrackPointExtension><gpxtpx:bearing>218.7</gpxtpx:bearing><gpxtpx:speed>15.94</gpxtpx:speed></gpxtpx:TrackPointExtension></extensions><src>gps</src></trkpt>
<trkpt lat="35.77129444107413" lon="140.30877535231411"><ele>62.0</ele><time>2025-10-06T01:04:26.000Z</time><extensions><gpxtpx:TrackPointExtension><gpxtpx:bearing>215.8</gpxtpx:bearing><gpxtpx:speed>17.56</gpxtpx:speed></gpxtpx:TrackPointExtension></extensions><src>gps</src></trkpt>
<trkpt lat="35.77086612582207" lon="140.3084483742714"><ele>63.0</ele><time>2025-10-06T01:04:29.000Z</time><extensions><gpxtpx:TrackPointExtension><gpxtpx:bearing>208.6</gpxtpx:bearing><gpxtpx:speed>19.1</gpxtpx:speed></gpxtpx:TrackPointExtension></extensions><src>gps</src></trkpt>
<trkpt lat="35.770382448099554" lon="140.30815098434687"><ele>64.0</ele><time>2025-10-06T01:04:32.000Z</time><extensions><gpxtpx:TrackPointExtension><gpxtpx:bearing>204.0</gpxtpx:bearing><gpxtpx:speed>20.289999</gpxtpx:speed></gpxtpx:TrackPointExtension></extensions><src>gps</src></trkpt>
<trkpt lat="35.76985313091427" lon="140.30793640762568"><ele>64.0</ele><time>2025-10-06T01:04:35.000Z</time><extensions><gpxtpx:TrackPointExtension><gpxtpx:bearing>196.4</gpxtpx:bearing><gpxtpx:speed>19.67</gpxtpx:speed></gpxtpx:TrackPointExtension></extensions><src>gps</src></trkpt>
<trkpt lat="35.76931203715503" lon="140.30779785476625"><ele>64.0</ele><time>2025-10-06T01:04:38.000Z</time><extensions><gpxtpx:TrackPointExtension><gpxtpx:bearing>191.0</gpxtpx:bearing><gpxtpx:speed>21.13</gpxtpx:speed></gpxtpx:TrackPointExtension></extensions><src>gps</src></trkpt>
<trkpt lat="35.7687966" lon="140.3077937"><ele>73.9000015258789</ele><time>2025-10-06T01:04:42.145Z</time><extensions><gpxtpx:TrackPointExtension></gpxtpx:TrackPointExtension></extensions><src>network</src></trkpt>
<trkpt lat="35.76803819742054" lon="140.30776726081967"><ele>66.0</ele><time>2025-10-06T01:04:44.000Z</time><extensions><gpxtpx:TrackPointExtension><gpxtpx:bearing>177.4</gpxtpx:bearing><gpxtpx:speed>23.89</gpxtpx:speed></gpxtpx:TrackPointExtension></extensions><src>gps</src></trkpt>
<trkpt lat="35.76737221330404" lon="140.30779953114688"><ele>65.0</ele><time>2025-10-06T01:04:47.000Z</time><extensions><gpxtpx:TrackPointExtension><gpxtpx:bearing>178.5</gpxtpx:bearing><gpxtpx:speed>24.369999</gpxtpx:speed></gpxtpx:TrackPointExtension></extensions><src>gps</src></trkpt>
<trkpt lat="35.76669671572745" lon="140.30775737017393"><ele>65.0</ele><time>2025-10-06T01:04:50.000Z</time><extensions><gpxtpx:TrackPointExtension><gpxtpx:bearing>188.4</gpxtpx:bearing><gpxtpx:speed>25.15</gpxtpx:speed></gpxtpx:TrackPointExtension></extensions><src>gps</src></trkpt>
<trkpt lat="35.76603261753917" lon="140.3075453080237"><ele>66.0</ele><time>2025-10-06T01:04:53.000Z</time><extensions><gpxtpx:TrackPointExtension><gpxtpx:bearing>198.6</gpxtpx:bearing><gpxtpx:speed>24.97</gpxtpx:speed></gpxtpx:TrackPointExtension></extensions><src>gps</src></trkpt>
<trkpt lat="35.76539303641766" lon="140.30725571326911"><ele>67.0</ele><time>2025-10-06T01:04:56.000Z</time><extensions><gpxtpx:TrackPointExtension><gpxtpx:bearing>201.5</gpxtpx:bearing><gpxtpx:speed>24.619999</gpxtpx:speed></gpxtpx:TrackPointExtension></extensions><src>gps</src></trkpt>
<trkpt lat="35.764752072282135" lon="140.30697508715093"><ele>69.0</ele><time>2025-10-06T01:04:59.000Z</time><extensions><gpxtpx:TrackPointExtension><gpxtpx:bearing>199.5</gpxtpx:bearing><gpxtpx:speed>24.81</gpxtpx:speed></gpxtpx:TrackPointExtension></extensions><src>gps</src></trkpt>
<trkpt lat="35.764318350702524" lon="140.30681306496263"><ele>69.0</ele><time>2025-10-06T01:05:01.000Z</time><extensions><gpxtpx:TrackPointExtension><gpxtpx:bearing>194.3</gpxtpx:bearing><gpxtpx:speed>25.16</gpxtpx:speed></gpxtpx:TrackPointExtension></extensions><src>gps</src></trkpt>
<trkpt lat="35.76410251669586" lon="140.3067572414875"><ele>69.0</ele><time>2025-10-06T01:05:02.000Z</time><extensions><gpxtpx:TrackPointExtension><gpxtpx:bearing>191.0</gpxtpx:bearing><gpxtpx:speed>24.15</gpxtpx:speed></gpxtpx:TrackPointExtension></extensions><src>gps</src></trkpt>
<trkpt lat="35.763888652436435" lon="140.3067144099623"><ele>69.0</ele><time>2025-10-06T01:05:03.000Z</time><extensions><gpxtpx:TrackPointExtension><gpxtpx:bearing>188.2</gpxtpx:bearing><gpxtpx:speed>23.869999</gpxtpx:speed></gpxtpx:TrackPointExtension></extensions><src>gps</src></trkpt>
<trkpt lat="35.76367445290089" lon="140.3066834807396"><ele>68.0</ele><time>2025-10-06T01:05:04.000Z</time><extensions><gpxtpx:TrackPointExtension><gpxtpx:bearing>185.0</gpxtpx:bearing><gpxtpx:speed>23.48</gpxtpx:speed></gpxtpx:TrackPointExtension></extensions><src>gps</src></trkpt>
<trkpt lat="35.76301898807287" lon="140.30669999308884"><ele>67.0</ele><time>2025-10-06T01:05:07.000Z</time><extensions><gpxtpx:TrackPointExtension><gpxtpx:bearing>178.6</gpxtpx:bearing><gpxtpx:speed>24.039999</gpxtpx:speed></gpxtpx:TrackPointExtension></extensions><src>gps</src></trkpt>
<trkpt lat="35.760002131573856" lon="140.30753575265408"><ele>66.0</ele><time>2025-10-06T01:05:21.000Z</time><extensions><gpxtpx:TrackPointExtension><gpxtpx:bearing>167.1</gpxtpx:bearing><gpxtpx:speed>23.769999</gpxtpx:speed></gpxtpx:TrackPointExtension></extensions><geoidheight>39.2</geoidheight><src>gps</src><sat>24</sat><hdop>0.6</hdop><vdop>0.8</vdop><pdop>1.0</pdop></trkpt>
<trkpt lat="35.75876483693719" lon="140.30786490999162"><ele>64.0</ele><time>2025-10-06T01:05:27.000Z</time><extensions><gpxtpx:TrackPointExtension><gpxtpx:bearing>168.1</gpxtpx:bearing><gpxtpx:speed>23.609999</gpxtpx:speed></gpxtpx:TrackPointExtension></extensions><geoidheight>39.2</geoidheight><src>gps</src><sat>35</sat><hdop>0.4</hdop><vdop>0.6</vdop><pdop>0.8</pdop></trkpt>
<trkpt lat="35.75854799710214" lon="140.30791092664003"><ele>64.0</ele><time>2025-10-06T01:05:28.000Z</time><extensions><gpxtpx:TrackPointExtension><gpxtpx:bearing>169.5</gpxtpx:bearing><gpxtpx:speed>23.609999</gpxtpx:speed></gpxtpx:TrackPointExtension></extensions><src>gps</src></trkpt>
<trkpt lat="35.75832499656826" lon="140.30795275233686"><ele>64.0</ele><time>2025-10-06T01:05:29.000Z</time><extensions><gpxtpx:TrackPointExtension><gpxtpx:bearing>170.4</gpxtpx:bearing><gpxtpx:speed>23.99</gpxtpx:speed></gpxtpx:TrackPointExtension></extensions><src>gps</src></trkpt>
<trkpt lat="35.757675021886826" lon="140.3080089110881"><ele>62.0</ele><time>2025-10-06T01:05:32.000Z</time><extensions><gpxtpx:TrackPointExtension><gpxtpx:bearing>180.3</gpxtpx:bearing><gpxtpx:speed>23.449999</gpxtpx:speed></gpxtpx:TrackPointExtension></extensions><src>gps</src></trkpt>
<trkpt lat="35.757454661652446" lon="140.30799625441432"><ele>62.0</ele><time>2025-10-06T01:05:33.000Z</time><extensions><gpxtpx:TrackPointExtension><gpxtpx:bearing>180.8</gpxtpx:bearing><gpxtpx:speed>23.48</gpxtpx:speed></gpxtpx:TrackPointExtension></extensions><src>gps</src></trkpt>
<trkpt lat="35.75682534836233" lon="140.30785133130848"><ele>64.0</ele><time>2025-10-06T01:05:36.000Z</time><extensions><gpxtpx:TrackPointExtension><gpxtpx:bearing>193.8</gpxtpx:bearing><gpxtpx:speed>23.55</gpxtpx:speed></gpxtpx:TrackPointExtension></extensions><src>gps</src></trkpt>
<trkpt lat="35.756621207110584" lon="140.30775804072618"><ele>65.0</ele><time>2025-10-06T01:05:37.000Z</time><extensions><gpxtpx:TrackPointExtension><gpxtpx:bearing>199.3</gpxtpx:bearing><gpxtpx:speed>23.13</gpxtpx:speed></gpxtpx:TrackPointExtension></extensions><src>gps</src></trkpt>
<trkpt lat="35.75641953852028" lon="140.3076481539756"><ele>65.0</ele><time>2025-10-06T01:05:38.000Z</time><extensions><gpxtpx:TrackPointExtension><gpxtpx:bearing>203.1</gpxtpx:bearing><gpxtpx:speed>23.74</gpxtpx:speed></gpxtpx:TrackPointExtension></extensions><src>gps</src></trkpt>
<trkpt lat="35.75622210279107" lon="140.3075376804918"><ele>66.0</ele><time>2025-10-06T01:05:39.000Z</time><extensions><gpxtpx:TrackPointExtension><gpxtpx:bearing>203.8</gpxtpx:bearing><gpxtpx:speed>24.01</gpxtpx:speed></gpxtpx:TrackPointExtension></extensions><src>gps</src></trkpt>
<trkpt lat="35.75602940283716" lon="140.30742309987545"><ele>66.0</ele><time>2025-10-06T01:05:40.000Z</time><extensions><gpxtpx:TrackPointExtension><gpxtpx:bearing>205.5</gpxtpx:bearing><gpxtpx:speed>23.58</gpxtpx:speed></gpxtpx:TrackPointExtension></extensions><src>gps</src></trkpt>
<trkpt lat="35.75552238151431" lon="140.306972656399"><ele>65.0</ele><time>2025-10-06T01:05:43.000Z</time><extensions><gpxtpx:TrackPointExtension><gpxtpx:bearing>220.3</gpxtpx:bearing><gpxtpx:speed>22.74</gpxtpx:speed></gpxtpx:TrackPointExtension></extensions><src>gps</src></trkpt>
<trkpt lat="35.755365430377424" lon="140.3068042639643"><ele>66.0</ele><time>2025-10-06T01:05:44.000Z</time><extensions><gpxtpx:TrackPointExtension><gpxtpx:bearing>221.5</gpxtpx:bearing><gpxtpx:speed>23.07</gpxtpx:speed></gpxtpx:TrackPointExtension></extensions><src>gps</src></trkpt>
<trkpt lat="35.7547968858853" lon="140.3060114197433"><ele>70.0</ele><time>2025-10-06T01:05:48.000Z</time><extensions><gpxtpx:TrackPointExtension><gpxtpx:bearing>234.5</gpxtpx:bearing><gpxtpx:speed>23.3</gpxtpx:speed></gpxtpx:TrackPointExtension></extensions><src>gps</src></trkpt>
<trkpt lat="35.75468050315976" lon="140.3057941608131"><ele>71.0</ele><time>2025-10-06T01:05:49.000Z</time><extensions><gpxtpx:TrackPointExtension><gpxtpx:bearing>236.9</gpxtpx:bearing><gpxtpx:speed>23.3</gpxtpx:speed></gpxtpx:TrackPointExtension></extensions><src>gps</src></trkpt>
<trkpt lat="35.754570993594825" lon="140.30555678531528"><ele>72.0</ele><time>2025-10-06T01:05:50.000Z</time><extensions><gpxtpx:TrackPointExtension><gpxtpx:bearing>240.8</gpxtpx:bearing><gpxtpx:speed>23.91</gpxtpx:speed></gpxtpx:TrackPointExtension></extensions><src>gps</src></trkpt>
<trkpt lat="35.754469530656934" lon="140.30531295575202"><ele>72.0</ele><time>2025-10-06T01:05:51.000Z</time><extensions><gpxtpx:TrackPointExtension><gpxtpx:bearing>241.7</gpxtpx:bearing><gpxtpx:speed>24.38</gpxtpx:speed></gpxtpx:TrackPointExtension></extensions><src>gps</src></trkpt>
<trkpt lat="35.754368738271296" lon="140.30507382005453"><ele>72.0</ele><time>2025-10-06T01:05:52.000Z</time><extensions><gpxtpx:TrackPointExtension><gpxtpx:bearing>242.0</gpxtpx:bearing><gpxtpx:speed>24.39</gpxtpx:speed></gpxtpx:TrackPointExtension></extensions><src>gps</src></trkpt>
<trkpt lat="35.75426694005728" lon="140.3048358578235"><ele>72.0</ele><time>2025-10-06T01:05:53.000Z</time><extensions><gpxtpx:TrackPointExtension><gpxtpx:bearing>241.2</gpxtpx:bearing><gpxtpx:speed>24.68</gpxtpx:speed></gpxtpx:TrackPointExtension></extensions><src>gps</src></trkpt>
<trkpt lat="35.75415919069201" lon="140.30458976514637"><ele>72.0</ele><time>2025-10-06T01:05:54.000Z</time><extensions><gpxtpx:TrackPointExtension><gpxtpx:bearing>241.1</gpxtpx:bearing><gpxtpx:speed>24.99</gpxtpx:speed></gpxtpx:TrackPointExtension></extensions><src>gps</src></trkpt>
<trkpt lat="35.75405026786029" lon="140.304335039109"><ele>71.0</ele><time>2025-10-06T01:05:55.000Z</time><extensions><gpxtpx:TrackPointExtension><gpxtpx:bearing>242.1</gpxtpx:bearing><gpxtpx:speed>25.66</gpxtpx:speed></gpxtpx:TrackPointExtension></extensions><src>gps</src></trkpt>
<trkpt lat="35.753934597596526" lon="140.30407997779548"><ele>69.0</ele><time>2025-10-06T01:05:56.000Z</time><extensions><gpxtpx:TrackPointExtension><gpxtpx:bearing>242.0</gpxtpx:bearing><gpxtpx:speed>25.67</gpxtpx:speed></gpxtpx:TrackPointExtension></extensions><src>gps</src></trkpt>
<trkpt lat="35.73481400962919" lon="140.27782106772065"><ele>43.0</ele><time>2025-10-06T01:08:03.000Z</time><extensions><gpxtpx:TrackPointExtension><gpxtpx:bearing>226.7</gpxtpx:bearing><gpxtpx:speed>24.519999</gpxtpx:speed></gpxtpx:TrackPointExtension></extensions><geoidheight>39.2</geoidheight><src>gps</src><sat>33</sat><hdop>0.4</hdop><vdop>0.8</vdop><pdop>1.0</pdop></trkpt>
<trkpt lat="35.734666027128696" lon="140.27763322927058"><ele>44.0</ele><time>2025-10-06T01:08:04.000Z</time><extensions><gpxtpx:TrackPointExtension><gpxtpx:bearing>223.3</gpxtpx:bearing><gpxtpx:speed>24.57</gpxtpx:speed></gpxtpx:TrackPointExtension></extensions><src>gps</src></trkpt>
<trkpt lat="35.73450207710266" lon="140.27743843384087"><ele>42.0</ele><time>2025-10-06T01:08:05.000Z</time><extensions><gpxtpx:TrackPointExtension><gpxtpx:bearing>221.2</gpxtpx:bearing><gpxtpx:speed>25.18</gpxtpx:speed></gpxtpx:TrackPointExtension></extensions><src>gps</src></trkpt>
<trkpt lat="35.734152467921376" lon="140.27710273861885"><ele>42.0</ele><time>2025-10-06T01:08:07.000Z</time><extensions><gpxtpx:TrackPointExtension><gpxtpx:bearing>213.0</gpxtpx:bearing><gpxtpx:speed>24.92</gpxtpx:speed></gpxtpx:TrackPointExtension></extensions><src>gps</src></trkpt>
<trkpt lat="35.7328067952767" lon="140.2761508896947"><ele>39.0</ele><time>2025-10-06T01:08:14.000Z</time><extensions><gpxtpx:TrackPointExtension><gpxtpx:bearing>209.9</gpxtpx:bearing><gpxtpx:speed>24.74</gpxtpx:speed></gpxtpx:TrackPointExtension></extensions><geoidheight>39.2</geoidheight><src>gps</src><sat>31</sat><hdop>0.4</hdop><vdop>0.6</vdop><pdop>0.8</pdop></trkpt>
<trkpt lat="35.73110644239932" lon="140.27493987232447"><ele>40.0</ele><time>2025-10-06T01:08:23.000Z</time><extensions><gpxtpx:TrackPointExtension><gpxtpx:bearing>211.3</gpxtpx:bearing><gpxtpx:speed>25.17</gpxtpx:speed></gpxtpx:TrackPointExtension></extensions><geoidheight>39.2</geoidheight><src>gps</src><sat>17</sat><hdop>0.6</hdop><vdop>1.0</vdop><pdop>1.2</pdop></trkpt>
<trkpt lat="35.7296963" lon="140.2736399"><ele>46.70000076293945</ele><time>2025-10-06T01:08:31.869Z</time><extensions><gpxtpx:TrackPointExtension></gpxtpx:TrackPointExtension></extensions><src>network</src></trkpt>
<trkpt lat="35.72901884559542" lon="140.273461304605"><ele>41.0</ele><time>2025-10-06T01:08:34.000Z</time><extensions><gpxtpx:TrackPointExtension><gpxtpx:bearing>210.5</gpxtpx:bearing><gpxtpx:speed>24.05</gpxtpx:speed></gpxtpx:TrackPointExtension></extensions><src>gps</src></trkpt>
<trkpt lat="35.72864857502282" lon="140.27319978922606"><ele>41.0</ele><time>2025-10-06T01:08:36.000Z</time><extensions><gpxtpx:TrackPointExtension><gpxtpx:bearing>210.0</gpxtpx:bearing><gpxtpx:speed>23.98</gpxtpx:speed></gpxtpx:TrackPointExtension></extensions><src>gps</src></trkpt>
<trkpt lat="35.728093148209155" lon="140.2727992180735"><ele>42.0</ele><time>2025-10-06T01:08:39.000Z</time><extensions><gpxtpx:TrackPointExtension><gpxtpx:bearing>210.0</gpxtpx:bearing><gpxtpx:speed>23.59</gpxtpx:speed></gpxtpx:TrackPointExtension></extensions><src>gps</src></trkpt>
<trkpt lat="35.72751802392304" lon="140.2724406402558"><ele>42.0</ele><time>2025-10-06T01:08:42.000Z</time><extensions><gpxtpx:TrackPointExtension><gpxtpx:bearing>203.3</gpxtpx:bearing><gpxtpx:speed>23.539999</gpxtpx:speed></gpxtpx:TrackPointExtension></extensions><src>gps</src></trkpt>
<trkpt lat="35.726899900473654" lon="140.2721879258752"><ele>43.0</ele><time>2025-10-06T01:08:45.000Z</time><extensions><gpxtpx:TrackPointExtension><gpxtpx:bearing>195.0</gpxtpx:bearing><gpxtpx:speed>24.26</gpxtpx:speed></gpxtpx:TrackPointExtension></extensions><src>gps</src></trkpt>
<trkpt lat="35.726244980469346" lon="140.27205389924347"><ele>41.0</ele><time>2025-10-06T01:08:48.000Z</time><extensions><gpxtpx:TrackPointExtension><gpxtpx:bearing>188.6</gpxtpx:bearing><gpxtpx:speed>24.35</gpxtpx:speed></gpxtpx:TrackPointExtension></extensions><src>gps</src></trkpt>
<trkpt lat="35.72558540850878" lon="140.27193412184715"><ele>43.0</ele><time>2025-10-06T01:08:51.000Z</time><extensions><gpxtpx:TrackPointExtension><gpxtpx:bearing>188.4</gpxtpx:bearing><gpxtpx:speed>24.18</gpxtpx:speed></gpxtpx:TrackPointExtension></extensions><src>gps</src></trkpt>
<trkpt lat="35.72495018597692" lon="140.271825324744"><ele>42.0</ele><time>2025-10-06T01:08:54.000Z</time><extensions><gpxtpx:TrackPointExtension><gpxtpx:bearing>186.6</gpxtpx:bearing><gpxtpx:speed>24.019999</gpxtpx:speed></gpxtpx:TrackPointExtension></extensions><src>gps</src></trkpt>
<trkpt lat="35.72430100757629" lon="140.27180965058506"><ele>42.0</ele><time>2025-10-06T01:08:57.000Z</time><extensions><gpxtpx:TrackPointExtension><gpxtpx:bearing>178.5</gpxtpx:bearing><gpxtpx:speed>24.25</gpxtpx:speed></gpxtpx:TrackPointExtension></extensions><src>gps</src></trkpt>
<trkpt lat="35.723649775609374" lon="140.27188701555133"><ele>41.0</ele><time>2025-10-06T01:09:00.000Z</time><extensions><gpxtpx:TrackPointExtension><gpxtpx:bearing>170.6</gpxtpx:bearing><gpxtpx:speed>23.609999</gpxtpx:speed></gpxtpx:TrackPointExtension></extensions><src>gps</src></trkpt>
<trkpt lat="35.72302092332393" lon="140.27208767831326"><ele>43.0</ele><time>2025-10-06T01:09:03.000Z</time><extensions><gpxtpx:TrackPointExtension><gpxtpx:bearing>162.8</gpxtpx:bearing><gpxtpx:speed>24.0</gpxtpx:speed></gpxtpx:TrackPointExtension></extensions><src>gps</src></trkpt>
<trkpt lat="35.722396010532975" lon="140.27235698886216"><ele>47.0</ele><time>2025-10-06T01:09:06.000Z</time><extensions><gpxtpx:TrackPointExtension><gpxtpx:bearing>163.2</gpxtpx:bearing><gpxtpx:speed>24.34</gpxtpx:speed></gpxtpx:TrackPointExtension></extensions><src>gps</src></trkpt>
<trkpt lat="35.7167158043012" lon="140.26975373737514"><ele>41.0</ele><time>2025-10-06T01:09:37.000Z</time><extensions><gpxtpx:TrackPointExtension><gpxtpx:bearing>240.4</gpxtpx:bearing><gpxtpx:speed>24.58</gpxtpx:speed></gpxtpx:TrackPointExtension></extensions><geoidheight>39.3</geoidheight><src>gps</src><sat>30</sat><hdop>0.4</hdop><vdop>0.8</vdop><pdop>1.0</pdop></trkpt>
<trkpt lat="35.716273658908904" lon="140.2688162215054"><ele>42.0</ele><time>2025-10-06T01:09:41.000Z</time><extensions><gpxtpx:TrackPointExtension><gpxtpx:bearing>239.0</gpxtpx:bearing><gpxtpx:speed>24.46</gpxtpx:speed></gpxtpx:TrackPointExtension></extensions><src>gps</src></trkpt>
<trkpt lat="35.71593586821109" lon="140.26811708696187"><ele>46.0</ele><time>2025-10-06T01:09:44.000Z</time><extensions><gpxtpx:TrackPointExtension><gpxtpx:bearing>239.2</gpxtpx:bearing><gpxtpx:speed>25.05</gpxtpx:speed></gpxtpx:TrackPointExtension></extensions><src>gps</src></trkpt>
<trkpt lat="35.715590198524296" lon="140.267390627414"><ele>44.0</ele><time>2025-10-06T01:09:47.000Z</time><extensions><gpxtpx:TrackPointExtension><gpxtpx:bearing>239.9</gpxtpx:bearing><gpxtpx:speed>26.039999</gpxtpx:speed></gpxtpx:TrackPointExtension></extensions><src>gps</src></trkpt>
<trkpt lat="35.71520253550261" lon="140.26661672629416"><ele>43.0</ele><time>2025-10-06T01:09:50.000Z</time><extensions><gpxtpx:TrackPointExtension><gpxtpx:bearing>238.5</gpxtpx:bearing><gpxtpx:speed>27.349998</gpxtpx:speed></gpxtpx:TrackPointExtension></extensions><src>gps</src></trkpt>
<trkpt lat="35.71481768041849" lon="140.26582379825413"><ele>40.0</ele><time>2025-10-06T01:09:53.000Z</time><extensions><gpxtpx:TrackPointExtension><gpxtpx:bearing>239.4</gpxtpx:bearing><gpxtpx:speed>28.06</gpxtpx:speed></gpxtpx:TrackPointExtension></extensions><src>gps</src></trkpt>
<trkpt lat="35.7144371420145" lon="140.2649983484298"><ele>39.0</ele><time>2025-10-06T01:09:56.000Z</time><extensions><gpxtpx:TrackPointExtension><gpxtpx:bearing>239.7</gpxtpx:bearing><gpxtpx:speed>28.99</gpxtpx:speed></gpxtpx:TrackPointExtension></extensions><src>gps</src></trkpt>
<trkpt lat="35.714039294980466" lon="140.26415429078043"><ele>38.0</ele><time>2025-10-06T01:09:59.000Z</time><extensions><gpxtpx:TrackPointExtension><gpxtpx:bearing>239.3</gpxtpx:bearing><gpxtpx:speed>29.519999</gpxtpx:speed></gpxtpx:TrackPointExtension></extensions><src>gps</src></trkpt>
<trkpt lat="35.71363650262356" lon="140.26332079432905"><ele>38.0</ele><time>2025-10-06T01:10:02.000Z</time><extensions><gpxtpx:TrackPointExtension><gpxtpx:bearing>239.3</gpxtpx:bearing><gpxtpx:speed>28.66</gpxtpx:speed></gpxtpx:TrackPointExtension></extensions><src>gps</src></trkpt>
<trkpt lat="35.71325826924294" lon="140.26252669282258"><ele>35.0</ele><time>2025-10-06T01:10:05.000Z</time><extensions><gpxtpx:TrackPointExtension><gpxtpx:bearing>239.7</gpxtpx:bearing><gpxtpx:speed>26.539999</gpxtpx:speed></gpxtpx:TrackPointExtension></extensions><src>gps</src></trkpt>
<trkpt lat="35.71289659012109" lon="140.26178682222962"><ele>35.0</ele><time>2025-10-06T01:10:08.000Z</time><extensions><gpxtpx:TrackPointExtension><gpxtpx:bearing>238.7</gpxtpx:bearing><gpxtpx:speed>25.119999</gpxtpx:speed></gpxtpx:TrackPointExtension></extensions><src>gps</src></trkpt>
<trkpt lat="35.71254136506468" lon="140.2610784675926"><ele>37.0</ele><time>2025-10-06T01:10:11.000Z</time><extensions><gpxtpx:TrackPointExtension><gpxtpx:bearing>239.2</gpxtpx:bearing><gpxtpx:speed>24.98</gpxtpx:speed></gpxtpx:TrackPointExtension></extensions><src>gps</src></trkpt>
<trkpt lat="35.71219603065401" lon="140.26037346571684"><ele>39.0</ele><time>2025-10-06T01:10:14.000Z</time><extensions><gpxtpx:TrackPointExtension><gpxtpx:bearing>238.7</gpxtpx:bearing><gpxtpx:speed>24.869999</gpxtpx:speed></gpxtpx:TrackPointExtension></extensions><src>gps</src></trkpt>
<trkpt lat="35.711801620200276" lon="140.25970006361604"><ele>39.0</ele><time>2025-10-06T01:10:17.000Z</time><extensions><gpxtpx:TrackPointExtension><gpxtpx:bearing>229.6</gpxtpx:bearing><gpxtpx:speed>24.76</gpxtpx:speed></gpxtpx:TrackPointExtension></extensions><src>gps</src></trkpt>
<trkpt lat="35.711283618584275" lon="140.2591409906745"><ele>38.0</ele><time>2025-10-06T01:10:20.000Z</time><extensions><gpxtpx:TrackPointExtension><gpxtpx:bearing>216.4</gpxtpx:bearing><gpxtpx:speed>24.89</gpxtpx:speed></gpxtpx:TrackPointExtension></extensions><src>gps</src></trkpt>
<trkpt lat="35.71069889701903" lon="140.25871141813695"><ele>38.0</ele><time>2025-10-06T01:10:23.000Z</time><extensions><gpxtpx:TrackPointExtension><gpxtpx:bearing>206.8</gpxtpx:bearing><gpxtpx:speed>25.64</gpxtpx:speed></gpxtpx:TrackPointExtension></extensions><src>gps</src></trkpt>
<trkpt lat="35.710072056390345" lon="140.25839986279607"><ele>37.0</ele><time>2025-10-06T01:10:26.000Z</time><extensions><gpxtpx:TrackPointExtension><gpxtpx:bearing>199.2</gpxtpx:bearing><gpxtpx:speed>25.47</gpxtpx:speed></gpxtpx:TrackPointExtension></extensions><src>gps</src></trkpt>
<trkpt lat="35.7094561541453" lon="140.25812543928623"><ele>39.0</ele><time>2025-10-06T01:10:29.000Z</time><extensions><gpxtpx:TrackPointExtension><gpxtpx:bearing>200.5</gpxtpx:bearing><gpxtpx:speed>24.63</gpxtpx:speed></gpxtpx:TrackPointExtension></extensions><src>gps</src></trkpt>
<trkpt lat="35.708853621035814" lon="140.25780357420444"><ele>42.0</ele><time>2025-10-06T01:10:32.000Z</time><extensions><gpxtpx:TrackPointExtension><gpxtpx:bearing>207.3</gpxtpx:bearing><gpxtpx:speed>24.119999</gpxtpx:speed></gpxtpx:TrackPointExtension></extensions><src>gps</src></trkpt>
<trkpt lat="35.7083128625527" lon="140.25735254399478"><ele>43.0</ele><time>2025-10-06T01:10:35.000Z</time><extensions><gpxtpx:TrackPointExtension><gpxtpx:bearing>219.0</gpxtpx:bearing><gpxtpx:speed>24.13</gpxtpx:speed></gpxtpx:TrackPointExtension></extensions><src>gps</src></trkpt>
<trkpt lat="35.70785609073937" lon="140.25678961537778"><ele>43.0</ele><time>2025-10-06T01:10:38.000Z</time><extensions><gpxtpx:TrackPointExtension><gpxtpx:bearing>230.3</gpxtpx:bearing><gpxtpx:speed>23.67</gpxtpx:speed></gpxtpx:TrackPointExtension></extensions><src>gps</src></trkpt>
<trkpt lat="35.707480791024864" lon="140.25612962432206"><ele>42.0</ele><time>2025-10-06T01:10:41.000Z</time><extensions><gpxtpx:TrackPointExtension><gpxtpx:bearing>239.0</gpxtpx:bearing><gpxtpx:speed>24.189999</gpxtpx:speed></gpxtpx:TrackPointExtension></extensions><src>gps</src></trkpt>
<trkpt lat="35.707205780781806" lon="140.25540542788804"><ele>42.0</ele><time>2025-10-06T01:10:44.000Z</time><extensions><gpxtpx:TrackPointExtension><gpxtpx:bearing>249.4</gpxtpx:bearing><gpxtpx:speed>24.06</gpxtpx:speed></gpxtpx:TrackPointExtension></extensions><src>gps</src></trkpt>
<trkpt lat="35.707032778300345" lon="140.25463370606303"><ele>40.0</ele><time>2025-10-06T01:10:47.000Z</time><extensions><gpxtpx:TrackPointExtension><gpxtpx:bearing>257.8</gpxtpx:bearing><gpxtpx:speed>23.76</gpxtpx:speed></gpxtpx:TrackPointExtension></extensions><src>gps</src></trkpt>
<trkpt lat="35.706898709759116" lon="140.25386047549546"><ele>40.0</ele><time>2025-10-06T01:10:50.000Z</time><extensions><gpxtpx:TrackPointExtension><gpxtpx:bearing>257.4</gpxtpx:bearing><gpxtpx:speed>23.74</gpxtpx:speed></gpxtpx:TrackPointExtension></extensions><src>gps</src></trkpt>
<trkpt lat="35.70676237810403" lon="140.25308582000434"><ele>40.0</ele><time>2025-10-06T01:10:53.000Z</time><extensions><gpxtpx:TrackPointExtension><gpxtpx:bearing>257.5</gpxtpx:bearing><gpxtpx:speed>23.609999</gpxtpx:speed></gpxtpx:TrackPointExtension></extensions><src>gps</src></trkpt>
<trkpt lat="35.70662457961589" lon="140.25230613537133"><ele>44.0</ele><time>2025-10-06T01:10:56.000Z</time><extensions><gpxtpx:TrackPointExtension><gpxtpx:bearing>257.2</gpxtpx:bearing><gpxtpx:speed>24.289999</gpxtpx:speed></gpxtpx:TrackPointExtension></extensions><src>gps</src></trkpt>
<trkpt lat="35.706494743935764" lon="140.25149686262012"><ele>44.0</ele><time>2025-10-06T01:10:59.000Z</time><extensions><gpxtpx:TrackPointExtension><gpxtpx:bearing>260.8</gpxtpx:bearing><gpxtpx:speed>25.67</gpxtpx:speed></gpxtpx:TrackPointExtension></extensions><src>gps</src></trkpt>
<trkpt lat="35.70640015415847" lon="140.25066001340747"><ele>43.0</ele><time>2025-10-06T01:11:02.000Z</time><extensions><gpxtpx:TrackPointExtension><gpxtpx:bearing>264.0</gpxtpx:bearing><gpxtpx:speed>25.789999</gpxtpx:speed></gpxtpx:TrackPointExtension></extensions><src>gps</src></trkpt>
<trkpt lat="35.70637957658619" lon="140.24976465851068"><ele>42.0</ele><time>2025-10-06T01:11:05.000Z</time><extensions><gpxtpx:TrackPointExtension><gpxtpx:bearing>270.4</gpxtpx:bearing><gpxtpx:speed>27.26</gpxtpx:speed></gpxtpx:TrackPointExtension></extensions><src>gps</src></trkpt>
<trkpt lat="35.70644558407366" lon="140.24884239770472"><ele>43.0</ele><time>2025-10-06T01:11:08.000Z</time><extensions><gpxtpx:TrackPointExtension><gpxtpx:bearing>277.8</gpxtpx:bearing><gpxtpx:speed>28.189999</gpxtpx:speed></gpxtpx:TrackPointExtension></extensions><src>gps</src></trkpt>
<trkpt lat="35.7065342226997" lon="140.24822465144098"><ele>45.0</ele><time>2025-10-06T01:11:10.000Z</time><extensions><gpxtpx:TrackPointExtension><gpxtpx:bearing>280.4</gpxtpx:bearing><gpxtpx:speed>28.369999</gpxtpx:speed></gpxtpx:TrackPointExtension></extensions><src>gps</src></trkpt>
<trkpt lat="35.70664926432073" lon="140.24759760126472"><ele>45.0</ele><time>2025-10-06T01:11:12.000Z</time><extensions><gpxtpx:TrackPointExtension><gpxtpx:bearing>285.0</gpxtpx:bearing><gpxtpx:speed>28.96</gpxtpx:speed></gpxtpx:TrackPointExtension></extensions><src>gps</src></trkpt>
<trkpt lat="35.70681539364159" lon="140.2469725627452"><ele>45.0</ele><time>2025-10-06T01:11:14.000Z</time><extensions><gpxtpx:TrackPointExtension><gpxtpx:bearing>289.1</gpxtpx:bearing><gpxtpx:speed>29.699999</gpxtpx:speed></gpxtpx:TrackPointExtension></extensions><src>gps</src></trkpt>
<trkpt lat="35.70701186545193" lon="140.24636051617563"><ele>47.0</ele><time>2025-10-06T01:11:16.000Z</time><extensions><gpxtpx:TrackPointExtension><gpxtpx:bearing>293.9</gpxtpx:bearing><gpxtpx:speed>29.81</gpxtpx:speed></gpxtpx:TrackPointExtension></extensions><src>gps</src></trkpt>
<trkpt lat="35.7072570361197" lon="140.24575877934694"><ele>48.0</ele><time>2025-10-06T01:11:18.000Z</time><extensions><gpxtpx:TrackPointExtension><gpxtpx:bearing>296.6</gpxtpx:bearing><gpxtpx:speed>30.42</gpxtpx:speed></gpxtpx:TrackPointExtension></extensions><src>gps</src></trkpt>
<trkpt lat="35.70738502778113" lon="140.2454560250044"><ele>48.0</ele><time>2025-10-06T01:11:19.000Z</time><extensions><gpxtpx:TrackPointExtension><gpxtpx:bearing>296.9</gpxtpx:bearing><gpxtpx:speed>31.05</gpxtpx:speed></gpxtpx:TrackPointExtension></extensions><src>gps</src></trkpt>
<trkpt lat="35.70752068888396" lon="140.24514874443412"><ele>47.0</ele><time>2025-10-06T01:11:20.000Z</time><extensions><gpxtpx:TrackPointExtension><gpxtpx:bearing>296.9</gpxtpx:bearing><gpxtpx:speed>31.16</gpxtpx:speed></gpxtpx:TrackPointExtension></extensions><src>gps</src></trkpt>
<trkpt lat="35.707778432406485" lon="140.24453627876937"><ele>46.0</ele><time>2025-10-06T01:11:22.000Z</time><extensions><gpxtpx:TrackPointExtension><gpxtpx:bearing>296.6</gpxtpx:bearing><gpxtpx:speed>31.08</gpxtpx:speed></gpxtpx:TrackPointExtension></extensions><src>gps</src></trkpt>
<trkpt lat="35.70803412236273" lon="140.24392859078944"><ele>45.0</ele><time>2025-10-06T01:11:24.000Z</time><extensions><gpxtpx:TrackPointExtension><gpxtpx:bearing>297.0</gpxtpx:bearing><gpxtpx:speed>30.939999</gpxtpx:speed></gpxtpx:TrackPointExtension></extensions><src>gps</src></trkpt>
<trkpt lat="35.70829073432833" lon="140.24332266300917"><ele>45.0</ele><time>2025-10-06T01:11:26.000Z</time><extensions><gpxtpx:TrackPointExtension><gpxtpx:bearing>297.0</gpxtpx:bearing><gpxtpx:speed>30.8</gpxtpx:speed></gpxtpx:TrackPointExtension></extensions><src>gps</src></trkpt>
<trkpt lat="35.70853921584785" lon="140.2427172381431"><ele>44.0</ele><time>2025-10-06T01:11:28.000Z</time><extensions><gpxtpx:TrackPointExtension><gpxtpx:bearing>297.0</gpxtpx:bearing><gpxtpx:speed>30.25</gpxtpx:speed></gpxtpx:TrackPointExtension></extensions><src>gps</src></trkpt>
<trkpt lat="35.70877805817872" lon="140.24212933145463"><ele>45.0</ele><time>2025-10-06T01:11:30.000Z</time><extensions><gpxtpx:TrackPointExtension><gpxtpx:bearing>296.8</gpxtpx:bearing><gpxtpx:speed>28.98</gpxtpx:speed></gpxtpx:TrackPointExtension></extensions><src>gps</src></trkpt>
<trkpt lat="35.70900135207921" lon="140.2415612898767"><ele>45.0</ele><time>2025-10-06T01:11:32.000Z</time><extensions><gpxtpx:TrackPointExtension><gpxtpx:bearing>296.6</gpxtpx:bearing><gpxtpx:speed>27.57</gpxtpx:speed></gpxtpx:TrackPointExtension></extensions><src>gps</src></trkpt>
<trkpt lat="35.709221083670855" lon="140.2410187292844"><ele>46.0</ele><time>2025-10-06T01:11:34.000Z</time><extensions><gpxtpx:TrackPointExtension><gpxtpx:bearing>297.1</gpxtpx:bearing><gpxtpx:speed>26.98</gpxtpx:speed></gpxtpx:TrackPointExtension></extensions><src>gps</src></trkpt>
<trkpt lat="35.70943654049188" lon="140.2405046671629"><ele>45.0</ele><time>2025-10-06T01:11:36.000Z</time><extensions><gpxtpx:TrackPointExtension><gpxtpx:bearing>296.9</gpxtpx:bearing><gpxtpx:speed>25.519999</gpxtpx:speed></gpxtpx:TrackPointExtension></extensions><src>gps</src></trkpt>
<trkpt lat="35.70963816717267" lon="140.24000971578062"><ele>45.0</ele><time>2025-10-06T01:11:38.000Z</time><extensions><gpxtpx:TrackPointExtension><gpxtpx:bearing>297.1</gpxtpx:bearing><gpxtpx:speed>24.59</gpxtpx:speed></gpxtpx:TrackPointExtension></extensions><src>gps</src></trkpt>
<trkpt lat="35.70982956793159" lon="140.2395307738334"><ele>45.0</ele><time>2025-10-06T01:11:40.000Z</time><extensions><gpxtpx:TrackPointExtension><gpxtpx:bearing>296.8</gpxtpx:bearing><gpxtpx:speed>24.26</gpxtpx:speed></gpxtpx:TrackPointExtension></extensions><src>gps</src></trkpt>
<trkpt lat="35.70992239750922" lon="140.23929440416396"><ele>45.0</ele><time>2025-10-06T01:11:41.000Z</time><extensions><gpxtpx:TrackPointExtension><gpxtpx:bearing>296.9</gpxtpx:bearing><gpxtpx:speed>24.31</gpxtpx:speed></gpxtpx:TrackPointExtension></extensions><src>gps</src></trkpt>
<trkpt lat="35.71001623291522" lon="140.23905459791422"><ele>45.0</ele><time>2025-10-06T01:11:42.000Z</time><extensions><gpxtpx:TrackPointExtension><gpxtpx:bearing>295.9</gpxtpx:bearing><gpxtpx:speed>24.13</gpxtpx:speed></gpxtpx:TrackPointExtension></extensions><src>gps</src></trkpt>
<trkpt lat="35.71011065505445" lon="140.2388114389032"><ele>45.0</ele><time>2025-10-06T01:11:43.000Z</time><extensions><gpxtpx:TrackPointExtension><gpxtpx:bearing>296.8</gpxtpx:bearing><gpxtpx:speed>24.34</gpxtpx:speed></gpxtpx:TrackPointExtension></extensions><src>gps</src></trkpt>
<trkpt lat="35.71020658593625" lon="140.2385701239109"><ele>45.0</ele><time>2025-10-06T01:11:44.000Z</time><extensions><gpxtpx:TrackPointExtension><gpxtpx:bearing>296.7</gpxtpx:bearing><gpxtpx:speed>24.18</gpxtpx:speed></gpxtpx:TrackPointExtension></extensions><src>gps</src></trkpt>
<trkpt lat="35.71030167862773" lon="140.23832813836634"><ele>45.0</ele><time>2025-10-06T01:11:45.000Z</time><extensions><gpxtpx:TrackPointExtension><gpxtpx:bearing>296.8</gpxtpx:bearing><gpxtpx:speed>24.15</gpxtpx:speed></gpxtpx:TrackPointExtension></extensions><src>gps</src></trkpt>
<trkpt lat="35.71039589121938" lon="140.23808715865016"><ele>45.0</ele><time>2025-10-06T01:11:46.000Z</time><extensions><gpxtpx:TrackPointExtension><gpxtpx:bearing>296.0</gpxtpx:bearing><gpxtpx:speed>24.08</gpxtpx:speed></gpxtpx:TrackPointExtension></extensions><src>gps</src></trkpt>
<trkpt lat="35.7104871282354" lon="140.23784617893398"><ele>45.0</ele><time>2025-10-06T01:11:47.000Z</time><extensions><gpxtpx:TrackPointExtension><gpxtpx:bearing>293.9</gpxtpx:bearing><gpxtpx:speed>24.0</gpxtpx:speed></gpxtpx:TrackPointExtension></extensions><src>gps</src></trkpt>
<trkpt lat="35.71056813932955" lon="140.23760293610394"><ele>45.0</ele><time>2025-10-06T01:11:48.000Z</time><extensions><gpxtpx:TrackPointExtension><gpxtpx:bearing>291.4</gpxtpx:bearing><gpxtpx:speed>23.769999</gpxtpx:speed></gpxtpx:TrackPointExtension></extensions><src>gps</src></trkpt>
<trkpt lat="35.71064290590584" lon="140.23735818453133"><ele>45.0</ele><time>2025-10-06T01:11:49.000Z</time><extensions><gpxtpx:TrackPointExtension><gpxtpx:bearing>289.8</gpxtpx:bearing><gpxtpx:speed>23.43</gpxtpx:speed></gpxtpx:TrackPointExtension></extensions><src>gps</src></trkpt>
<trkpt lat="35.710704512894154" lon="140.23710873909295"><ele>46.0</ele><time>2025-10-06T01:11:50.000Z</time><extensions><gpxtpx:TrackPointExtension><gpxtpx:bearing>284.8</gpxtpx:bearing><gpxtpx:speed>23.24</gpxtpx:speed></gpxtpx:TrackPointExtension></extensions><src>gps</src></trkpt>
<trkpt lat="35.71074818260968" lon="140.23685527034104"><ele>45.0</ele><time>2025-10-06T01:11:51.000Z</time><extensions><gpxtpx:TrackPointExtension><gpxtpx:bearing>281.0</gpxtpx:bearing><gpxtpx:speed>23.22</gpxtpx:speed></gpxtpx:TrackPointExtension></extensions><src>gps</src></trkpt>
<trkpt lat="35.71078468579799" lon="140.23659476079047"><ele>45.0</ele><time>2025-10-06T01:11:52.000Z</time><extensions><gpxtpx:TrackPointExtension><gpxtpx:bearing>278.1</gpxtpx:bearing><gpxtpx:speed>23.859999</gpxtpx:speed></gpxtpx:TrackPointExtension></extensions><src>gps</src></trkpt>
<trkpt lat="35.71080731693655" lon="140.23633098229766"><ele>44.0</ele><time>2025-10-06T01:11:53.000Z</time><extensions><gpxtpx:TrackPointExtension><gpxtpx:bearing>275.0</gpxtpx:bearing><gpxtpx:speed>23.71</gpxtpx:speed></gpxtpx:TrackPointExtension></extensions><src>gps</src></trkpt>
<trkpt lat="35.710820644162595" lon="140.2360710594803"><ele>44.0</ele><time>2025-10-06T01:11:54.000Z</time><extensions><gpxtpx:TrackPointExtension><gpxtpx:bearing>271.2</gpxtpx:bearing><gpxtpx:speed>23.619999</gpxtpx:speed></gpxtpx:TrackPointExtension></extensions><src>gps</src></trkpt>
<trkpt lat="35.71082424838096" lon="140.23581323213875"><ele>42.0</ele><time>2025-10-06T01:11:55.000Z</time><extensions><gpxtpx:TrackPointExtension><gpxtpx:bearing>267.5</gpxtpx:bearing><gpxtpx:speed>23.64</gpxtpx:speed></gpxtpx:TrackPointExtension></extensions><src>gps</src></trkpt>
<trkpt lat="35.7107849791646" lon="140.23528198711574"><ele>41.0</ele><time>2025-10-06T01:11:57.000Z</time><extensions><gpxtpx:TrackPointExtension><gpxtpx:bearing>262.0</gpxtpx:bearing><gpxtpx:speed>24.01</gpxtpx:speed></gpxtpx:TrackPointExtension></extensions><src>gps</src></trkpt>
<trkpt lat="35.7107194326818" lon="140.23476557806134"><ele>40.0</ele><time>2025-10-06T01:11:59.000Z</time><extensions><gpxtpx:TrackPointExtension><gpxtpx:bearing>260.7</gpxtpx:bearing><gpxtpx:speed>24.269999</gpxtpx:speed></gpxtpx:TrackPointExtension></extensions><src>gps</src></trkpt>
<trkpt lat="35.71064881514758" lon="140.23426258005202"><ele>41.0</ele><time>2025-10-06T01:12:01.000Z</time><extensions><gpxtpx:TrackPointExtension><gpxtpx:bearing>261.2</gpxtpx:bearing><gpxtpx:speed>23.58</gpxtpx:speed></gpxtpx:TrackPointExtension></extensions><src>gps</src></trkpt>
<trkpt lat="35.71057647932321" lon="140.23376293480396"><ele>43.0</ele><time>2025-10-06T01:12:03.000Z</time><extensions><gpxtpx:TrackPointExtension><gpxtpx:bearing>261.2</gpxtpx:bearing><gpxtpx:speed>23.47</gpxtpx:speed></gpxtpx:TrackPointExtension></extensions><src>gps</src></trkpt>
<trkpt lat="35.71050623897463" lon="140.23325608111918"><ele>44.0</ele><time>2025-10-06T01:12:05.000Z</time><extensions><gpxtpx:TrackPointExtension><gpxtpx:bearing>261.0</gpxtpx:bearing><gpxtpx:speed>23.39</gpxtpx:speed></gpxtpx:TrackPointExtension></extensions><src>gps</src></trkpt>
<trkpt lat="35.71044039912522" lon="140.2327484730631"><ele>45.0</ele><time>2025-10-06T01:12:07.000Z</time><extensions><gpxtpx:TrackPointExtension><gpxtpx:bearing>261.3</gpxtpx:bearing><gpxtpx:speed>23.4</gpxtpx:speed></gpxtpx:TrackPointExtension></extensions><src>gps</src></trkpt>
<trkpt lat="35.71037916932255" lon="140.23223591968417"><ele>44.0</ele><time>2025-10-06T01:12:09.000Z</time><extensions><gpxtpx:TrackPointExtension><gpxtpx:bearing>261.0</gpxtpx:bearing><gpxtpx:speed>23.529999</gpxtpx:speed></gpxtpx:TrackPointExtension></extensions><src>gps</src></trkpt>
<trkpt lat="35.71031177882105" lon="140.2317166607827"><ele>43.0</ele><time>2025-10-06T01:12:11.000Z</time><extensions><gpxtpx:TrackPointExtension><gpxtpx:bearing>261.1</gpxtpx:bearing><gpxtpx:speed>23.32</gpxtpx:speed></gpxtpx:TrackPointExtension></extensions><src>gps</src></trkpt>
<trkpt lat="35.71024287957698" lon="140.23120268248022"><ele>44.0</ele><time>2025-10-06T01:12:13.000Z</time><extensions><gpxtpx:TrackPointExtension><gpxtpx:bearing>260.9</gpxtpx:bearing><gpxtpx:speed>23.55</gpxtpx:speed></gpxtpx:TrackPointExtension></extensions><src>gps</src></trkpt>
<trkpt lat="35.710178590379655" lon="140.2306930627674"><ele>43.0</ele><time>2025-10-06T01:12:15.000Z</time><extensions><gpxtpx:TrackPointExtension><gpxtpx:bearing>261.7</gpxtpx:bearing><gpxtpx:speed>23.25</gpxtpx:speed></gpxtpx:TrackPointExtension></extensions><src>gps</src></trkpt>
<trkpt lat="35.71011631283909" lon="140.23017355240881"><ele>43.0</ele><time>2025-10-06T01:12:17.000Z</time><extensions><gpxtpx:TrackPointExtension><gpxtpx:bearing>259.9</gpxtpx:bearing><gpxtpx:speed>23.67</gpxtpx:speed></gpxtpx:TrackPointExtension></extensions><src>gps</src></trkpt>
<trkpt lat="35.710030482150614" lon="140.22964792326093"><ele>42.0</ele><time>2025-10-06T01:12:19.000Z</time><extensions><gpxtpx:TrackPointExtension><gpxtpx:bearing>257.6</gpxtpx:bearing><gpxtpx:speed>24.119999</gpxtpx:speed></gpxtpx:TrackPointExtension></extensions><src>gps</src></trkpt>
<trkpt lat="35.70994875859469" lon="140.22910972125828"><ele>41.0</ele><time>2025-10-06T01:12:21.000Z</time><extensions><gpxtpx:TrackPointExtension><gpxtpx:bearing>258.7</gpxtpx:bearing><gpxtpx:speed>25.01</gpxtpx:speed></gpxtpx:TrackPointExtension></extensions><src>gps</src></trkpt>
<trkpt lat="35.70987147744745" lon="140.22856313735247"><ele>39.0</ele><time>2025-10-06T01:12:23.000Z</time><extensions><gpxtpx:TrackPointExtension><gpxtpx:bearing>260.7</gpxtpx:bearing><gpxtpx:speed>25.96</gpxtpx:speed></gpxtpx:TrackPointExtension></extensions><src>gps</src></trkpt>
<trkpt lat="35.70980044081807" lon="140.2279947604984"><ele>39.0</ele><time>2025-10-06T01:12:25.000Z</time><extensions><gpxtpx:TrackPointExtension><gpxtpx:bearing>261.5</gpxtpx:bearing><gpxtpx:speed>26.609999</gpxtpx:speed></gpxtpx:TrackPointExtension></extensions><src>gps</src></trkpt>
<trkpt lat="35.70973217021674" lon="140.22739687934518"><ele>39.0</ele><time>2025-10-06T01:12:27.000Z</time><extensions><gpxtpx:TrackPointExtension><gpxtpx:bearing>261.1</gpxtpx:bearing><gpxtpx:speed>27.76</gpxtpx:speed></gpxtpx:TrackPointExtension></extensions><src>gps</src></trkpt>
<trkpt lat="35.70948326960206" lon="140.22526821121573"><ele>37.0</ele><time>2025-10-06T01:12:34.000Z</time><extensions><gpxtpx:TrackPointExtension><gpxtpx:bearing>262.6</gpxtpx:bearing><gpxtpx:speed>27.98</gpxtpx:speed></gpxtpx:TrackPointExtension></extensions><geoidheight>39.3</geoidheight><src>gps</src><sat>19</sat><hdop>0.6</hdop><vdop>1.4</vdop><pdop>1.6</pdop></trkpt>
<trkpt lat="35.70945502258837" lon="140.22497559897602"><ele>38.0</ele><time>2025-10-06T01:12:35.000Z</time><extensions><gpxtpx:TrackPointExtension><gpxtpx:bearing>261.8</gpxtpx:bearing><gpxtpx:speed>27.57</gpxtpx:speed></gpxtpx:TrackPointExtension></extensions><src>gps</src></trkpt>
<trkpt lat="35.70927083026618" lon="140.22374102845788"><ele>39.0</ele><time>2025-10-06T01:12:39.000Z</time><extensions><gpxtpx:TrackPointExtension><gpxtpx:bearing>260.6</gpxtpx:bearing><gpxtpx:speed>27.75</gpxtpx:speed></gpxtpx:TrackPointExtension></extensions><src>gps</src></trkpt>
<trkpt lat="35.70918851997703" lon="140.22313250228763"><ele>38.0</ele><time>2025-10-06T01:12:41.000Z</time><extensions><gpxtpx:TrackPointExtension><gpxtpx:bearing>261.5</gpxtpx:bearing><gpxtpx:speed>27.349998</gpxtpx:speed></gpxtpx:TrackPointExtension></extensions><src>gps</src></trkpt>
<trkpt lat="35.709111406467855" lon="140.22252506576478"><ele>36.0</ele><time>2025-10-06T01:12:43.000Z</time><extensions><gpxtpx:TrackPointExtension><gpxtpx:bearing>260.9</gpxtpx:bearing><gpxtpx:speed>27.64</gpxtpx:speed></gpxtpx:TrackPointExtension></extensions><src>gps</src></trkpt>
<trkpt lat="35.70903517305851" lon="140.22191201336682"><ele>36.0</ele><time>2025-10-06T01:12:45.000Z</time><extensions><gpxtpx:TrackPointExtension><gpxtpx:bearing>261.2</gpxtpx:bearing><gpxtpx:speed>27.55</gpxtpx:speed></gpxtpx:TrackPointExtension></extensions><src>gps</src></trkpt>
<trkpt lat="35.708956089802086" lon="140.2212961949408"><ele>37.0</ele><time>2025-10-06T01:12:47.000Z</time><extensions><gpxtpx:TrackPointExtension><gpxtpx:bearing>260.9</gpxtpx:bearing><gpxtpx:speed>27.89</gpxtpx:speed></gpxtpx:TrackPointExtension></extensions><src>gps</src></trkpt>
<trkpt lat="35.7088551716879" lon="140.22067836485803"><ele>37.0</ele><time>2025-10-06T01:12:49.000Z</time><extensions><gpxtpx:TrackPointExtension><gpxtpx:bearing>257.4</gpxtpx:bearing><gpxtpx:speed>28.25</gpxtpx:speed></gpxtpx:TrackPointExtension></extensions><src>gps</src></trkpt>
<trkpt lat="35.70870379451662" lon="140.22006103768945"><ele>37.0</ele><time>2025-10-06T01:12:51.000Z</time><extensions><gpxtpx:TrackPointExtension><gpxtpx:bearing>250.9</gpxtpx:bearing><gpxtpx:speed>28.73</gpxtpx:speed></gpxtpx:TrackPointExtension></extensions><src>gps</src></trkpt>
<trkpt lat="35.708496007137" lon="140.21946541965008"><ele>39.0</ele><time>2025-10-06T01:12:53.000Z</time><extensions><gpxtpx:TrackPointExtension><gpxtpx:bearing>245.0</gpxtpx:bearing><gpxtpx:speed>28.5</gpxtpx:speed></gpxtpx:TrackPointExtension></extensions><src>gps</src></trkpt>
<trkpt lat="35.70825540460646" lon="140.2188975457102"><ele>41.0</ele><time>2025-10-06T01:12:55.000Z</time><extensions><gpxtpx:TrackPointExtension><gpxtpx:bearing>241.0</gpxtpx:bearing><gpxtpx:speed>29.13</gpxtpx:speed></gpxtpx:TrackPointExtension></extensions><src>gps</src></trkpt>
<trkpt lat="35.70797373075038" lon="140.21835858933628"><ele>42.0</ele><time>2025-10-06T01:12:57.000Z</time><extensions><gpxtpx:TrackPointExtension><gpxtpx:bearing>233.7</gpxtpx:bearing><gpxtpx:speed>29.019999</gpxtpx:speed></gpxtpx:TrackPointExtension></extensions><src>gps</src></trkpt>
<trkpt lat="35.706237042322755" lon="140.21624349988997"><ele>43.0</ele><time>2025-10-06T01:13:07.000Z</time><extensions><gpxtpx:TrackPointExtension><gpxtpx:bearing>221.2</gpxtpx:bearing><gpxtpx:speed>27.08</gpxtpx:speed></gpxtpx:TrackPointExtension></extensions><geoidheight>39.3</geoidheight><src>gps</src><sat>33</sat><hdop>0.4</hdop><vdop>0.8</vdop><pdop>0.8</pdop></trkpt>
<trkpt lat="35.70605792105198" lon="140.21605683490634"><ele>43.0</ele><time>2025-10-06T01:13:08.000Z</time><extensions><gpxtpx:TrackPointExtension><gpxtpx:bearing>221.7</gpxtpx:bearing><gpxtpx:speed>27.21</gpxtpx:speed></gpxtpx:TrackPointExtension></extensions><src>gps</src></trkpt>
<trkpt lat="35.70039410144091" lon="140.2099559828639"><ele>43.0</ele><time>2025-10-06T01:13:35.000Z</time><extensions><gpxtpx:TrackPointExtension><gpxtpx:bearing>221.1</gpxtpx:bearing><gpxtpx:speed>32.82</gpxtpx:speed></gpxtpx:TrackPointExtension></extensions><geoidheight>39.3</geoidheight><src>gps</src><sat>34</sat><hdop>0.4</hdop><vdop>0.6</vdop><pdop>0.8</pdop></trkpt>
<trkpt lat="35.70017177145928" lon="140.2097207866609"><ele>43.0</ele><time>2025-10-06T01:13:36.000Z</time><extensions><gpxtpx:TrackPointExtension><gpxtpx:bearing>221.2</gpxtpx:bearing><gpxtpx:speed>32.87</gpxtpx:speed></gpxtpx:TrackPointExtension></extensions><src>gps</src></trkpt>
<trkpt lat="35.69972493220121" lon="140.2092431858182"><ele>44.0</ele><time>2025-10-06T01:13:38.000Z</time><extensions><gpxtpx:TrackPointExtension><gpxtpx:bearing>221.2</gpxtpx:bearing><gpxtpx:speed>32.76</gpxtpx:speed></gpxtpx:TrackPointExtension></extensions><src>gps</src></trkpt>
<trkpt lat="35.699291503988206" lon="140.20876784808934"><ele>44.0</ele><time>2025-10-06T01:13:40.000Z</time><extensions><gpxtpx:TrackPointExtension><gpxtpx:bearing>220.9</gpxtpx:bearing><gpxtpx:speed>32.469997</gpxtpx:speed></gpxtpx:TrackPointExtension></extensions><src>gps</src></trkpt>
<trkpt lat="35.69885354954749" lon="140.20830089226365"><ele>44.0</ele><time>2025-10-06T01:13:42.000Z</time><extensions><gpxtpx:TrackPointExtension><gpxtpx:bearing>221.2</gpxtpx:bearing><gpxtpx:speed>32.11</gpxtpx:speed></gpxtpx:TrackPointExtension></extensions><src>gps</src></trkpt>
<trkpt lat="35.698410985060036" lon="140.20782957784832"><ele>41.0</ele><time>2025-10-06T01:13:44.000Z</time><extensions><gpxtpx:TrackPointExtension><gpxtpx:bearing>220.8</gpxtpx:bearing><gpxtpx:speed>32.26</gpxtpx:speed></gpxtpx:TrackPointExtension></extensions><src>gps</src></trkpt>
<trkpt lat="35.69797550328076" lon="140.20736270584166"><ele>39.0</ele><time>2025-10-06T01:13:46.000Z</time><extensions><gpxtpx:TrackPointExtension><gpxtpx:bearing>221.2</gpxtpx:bearing><gpxtpx:speed>32.0</gpxtpx:speed></gpxtpx:TrackPointExtension></extensions><src>gps</src></trkpt>
<trkpt lat="35.69753080140799" lon="140.2069027069956"><ele>39.0</ele><time>2025-10-06T01:13:48.000Z</time><extensions><gpxtpx:TrackPointExtension><gpxtpx:bearing>220.9</gpxtpx:bearing><gpxtpx:speed>31.789999</gpxtpx:speed></gpxtpx:TrackPointExtension></extensions><src>gps</src></trkpt>
<trkpt lat="35.69708563853055" lon="140.2064613159746"><ele>37.0</ele><time>2025-10-06T01:13:50.000Z</time><extensions><gpxtpx:TrackPointExtension><gpxtpx:bearing>217.9</gpxtpx:bearing><gpxtpx:speed>31.8</gpxtpx:speed></gpxtpx:TrackPointExtension></extensions><src>gps</src></trkpt>
<trkpt lat="35.69661063607782" lon="140.20606074482203"><ele>36.0</ele><time>2025-10-06T01:13:52.000Z</time><extensions><gpxtpx:TrackPointExtension><gpxtpx:bearing>213.8</gpxtpx:bearing><gpxtpx:speed>31.869999</gpxtpx:speed></gpxtpx:TrackPointExtension></extensions><src>gps</src></trkpt>
<trkpt lat="35.6961076380685" lon="140.20569956861436"><ele>35.0</ele><time>2025-10-06T01:13:54.000Z</time><extensions><gpxtpx:TrackPointExtension><gpxtpx:bearing>208.7</gpxtpx:bearing><gpxtpx:speed>32.21</gpxtpx:speed></gpxtpx:TrackPointExtension></extensions><src>gps</src></trkpt>
<trkpt lat="35.69558288902044" lon="140.20538189448416"><ele>35.0</ele><time>2025-10-06T01:13:56.000Z</time><extensions><gpxtpx:TrackPointExtension><gpxtpx:bearing>205.3</gpxtpx:bearing><gpxtpx:speed>32.17</gpxtpx:speed></gpxtpx:TrackPointExtension></extensions><src>gps</src></trkpt>
<trkpt lat="35.69504979997873" lon="140.20511920563877"><ele>38.0</ele><time>2025-10-06T01:13:58.000Z</time><extensions><gpxtpx:TrackPointExtension><gpxtpx:bearing>201.3</gpxtpx:bearing><gpxtpx:speed>32.11</gpxtpx:speed></gpxtpx:TrackPointExtension></extensions><src>gps</src></trkpt>
<trkpt lat="35.694505563005805" lon="140.2048811595887"><ele>40.0</ele><time>2025-10-06T01:14:00.000Z</time><extensions><gpxtpx:TrackPointExtension><gpxtpx:bearing>197.9</gpxtpx:bearing><gpxtpx:speed>32.18</gpxtpx:speed></gpxtpx:TrackPointExtension></extensions><src>gps</src></trkpt>
<trkpt lat="35.69395302794874" lon="140.20469256676733"><ele>40.0</ele><time>2025-10-06T01:14:02.000Z</time><extensions><gpxtpx:TrackPointExtension><gpxtpx:bearing>194.2</gpxtpx:bearing><gpxtpx:speed>31.92</gpxtpx:speed></gpxtpx:TrackPointExtension></extensions><src>gps</src></trkpt>
<trkpt lat="35.69339433219284" lon="140.20453817211092"><ele>39.0</ele><time>2025-10-06T01:14:04.000Z</time><extensions><gpxtpx:TrackPointExtension><gpxtpx:bearing>191.4</gpxtpx:bearing><gpxtpx:speed>31.84</gpxtpx:speed></gpxtpx:TrackPointExtension></extensions><src>gps</src></trkpt>
<trkpt lat="35.6928297271952" lon="140.20442359149456"><ele>39.0</ele><time>2025-10-06T01:14:06.000Z</time><extensions><gpxtpx:TrackPointExtension><gpxtpx:bearing>189.5</gpxtpx:bearing><gpxtpx:speed>31.769999</gpxtpx:speed></gpxtpx:TrackPointExtension></extensions><src>gps</src></trkpt>
<trkpt lat="35.69226554129273" lon="140.20431026816368"><ele>39.0</ele><time>2025-10-06T01:14:08.000Z</time><extensions><gpxtpx:TrackPointExtension><gpxtpx:bearing>189.6</gpxtpx:bearing><gpxtpx:speed>31.3</gpxtpx:speed></gpxtpx:TrackPointExtension></extensions><src>gps</src></trkpt>
<trkpt lat="35.69171422161162" lon="140.20419417880476"><ele>40.0</ele><time>2025-10-06T01:14:10.000Z</time><extensions><gpxtpx:TrackPointExtension><gpxtpx:bearing>189.5</gpxtpx:bearing><gpxtpx:speed>31.0</gpxtpx:speed></gpxtpx:TrackPointExtension></extensions><src>gps</src></trkpt>
<trkpt lat="35.69116424303502" lon="140.20407306030393"><ele>41.0</ele><time>2025-10-06T01:14:12.000Z</time><extensions><gpxtpx:TrackPointExtension><gpxtpx:bearing>191.0</gpxtpx:bearing><gpxtpx:speed>30.89</gpxtpx:speed></gpxtpx:TrackPointExtension></extensions><src>gps</src></trkpt>
<trkpt lat="35.69062658585608" lon="140.20392662845552"><ele>43.0</ele><time>2025-10-06T01:14:14.000Z</time><extensions><gpxtpx:TrackPointExtension><gpxtpx:bearing>193.5</gpxtpx:bearing><gpxtpx:speed>30.349998</gpxtpx:speed></gpxtpx:TrackPointExtension></extensions><src>gps</src></trkpt>
<trkpt lat="35.690104477107525" lon="140.20373267121613"><ele>44.0</ele><time>2025-10-06T01:14:16.000Z</time><extensions><gpxtpx:TrackPointExtension><gpxtpx:bearing>199.6</gpxtpx:bearing><gpxtpx:speed>30.83</gpxtpx:speed></gpxtpx:TrackPointExtension></extensions><src>gps</src></trkpt>
<trkpt lat="35.6895850924775" lon="140.20347417332232"><ele>43.0</ele><time>2025-10-06T01:14:18.000Z</time><extensions><gpxtpx:TrackPointExtension><gpxtpx:bearing>203.8</gpxtpx:bearing><gpxtpx:speed>31.26</gpxtpx:speed></gpxtpx:TrackPointExtension></extensions><src>gps</src></trkpt>
<trkpt lat="35.68908385466784" lon="140.2031691558659"><ele>42.0</ele><time>2025-10-06T01:14:20.000Z</time><extensions><gpxtpx:TrackPointExtension><gpxtpx:bearing>207.9</gpxtpx:bearing><gpxtpx:speed>31.609999</gpxtpx:speed></gpxtpx:TrackPointExtension></extensions><src>gps</src></trkpt>
<trkpt lat="35.688590998761356" lon="140.20280873402953"><ele>42.0</ele><time>2025-10-06T01:14:22.000Z</time><extensions><gpxtpx:TrackPointExtension><gpxtpx:bearing>212.1</gpxtpx:bearing><gpxtpx:speed>31.84</gpxtpx:speed></gpxtpx:TrackPointExtension></extensions><src>gps</src></trkpt>
<trkpt lat="35.688113858923316" lon="140.202418807894"><ele>41.0</ele><time>2025-10-06T01:14:24.000Z</time><extensions><gpxtpx:TrackPointExtension><gpxtpx:bearing>215.0</gpxtpx:bearing><gpxtpx:speed>32.0</gpxtpx:speed></gpxtpx:TrackPointExtension></extensions><src>gps</src></trkpt>
<trkpt lat="35.68763910792768" lon="140.20201203413308"><ele>39.0</ele><time>2025-10-06T01:14:26.000Z</time><extensions><gpxtpx:TrackPointExtension><gpxtpx:bearing>214.2</gpxtpx:bearing><gpxtpx:speed>31.939999</gpxtpx:speed></gpxtpx:TrackPointExtension></extensions><src>gps</src></trkpt>
<trkpt lat="35.68716276437044" lon="140.20161163061857"><ele>39.0</ele><time>2025-10-06T01:14:28.000Z</time><extensions><gpxtpx:TrackPointExtension><gpxtpx:bearing>214.3</gpxtpx:bearing><gpxtpx:speed>31.849998</gpxtpx:speed></gpxtpx:TrackPointExtension></extensions><src>gps</src></trkpt>
<trkpt lat="35.6866890611127" lon="140.20121550187469"><ele>39.0</ele><time>2025-10-06T01:14:30.000Z</time><extensions><gpxtpx:TrackPointExtension><gpxtpx:bearing>213.8</gpxtpx:bearing><gpxtpx:speed>31.699999</gpxtpx:speed></gpxtpx:TrackPointExtension></extensions><src>gps</src></trkpt>
<trkpt lat="35.68622051272541" lon="140.20082088187337"><ele>40.0</ele><time>2025-10-06T01:14:32.000Z</time><extensions><gpxtpx:TrackPointExtension><gpxtpx:bearing>214.4</gpxtpx:bearing><gpxtpx:speed>31.32</gpxtpx:speed></gpxtpx:TrackPointExtension></extensions><src>gps</src></trkpt>
<trkpt lat="35.68575959187001" lon="140.20042919553816"><ele>42.0</ele><time>2025-10-06T01:14:34.000Z</time><extensions><gpxtpx:TrackPointExtension><gpxtpx:bearing>214.1</gpxtpx:bearing><gpxtpx:speed>31.039999</gpxtpx:speed></gpxtpx:TrackPointExtension></extensions><src>gps</src></trkpt>
<trkpt lat="35.68439229391515" lon="140.19928984344006"><ele>44.0</ele><time>2025-10-06T01:14:40.000Z</time><extensions><gpxtpx:TrackPointExtension><gpxtpx:bearing>213.7</gpxtpx:bearing><gpxtpx:speed>30.06</gpxtpx:speed></gpxtpx:TrackPointExtension></extensions><geoidheight>39.3</geoidheight><src>gps</src><sat>34</sat><hdop>0.4</hdop><vdop>0.8</vdop><pdop>1.0</pdop></trkpt>
<trkpt lat="35.684169586747885" lon="140.1991076208651"><ele>43.0</ele><time>2025-10-06T01:14:41.000Z</time><extensions><gpxtpx:TrackPointExtension><gpxtpx:bearing>213.7</gpxtpx:bearing><gpxtpx:speed>29.83</gpxtpx:speed></gpxtpx:TrackPointExtension></extensions><src>gps</src></trkpt>
<trkpt lat="35.683724717237055" lon="140.1987494621426"><ele>43.0</ele><time>2025-10-06T01:14:43.000Z</time><extensions><gpxtpx:TrackPointExtension><gpxtpx:bearing>214.2</gpxtpx:bearing><gpxtpx:speed>29.349998</gpxtpx:speed></gpxtpx:TrackPointExtension></extensions><src>gps</src></trkpt>
<trkpt lat="35.68328131455928" lon="140.19837336614728"><ele>44.0</ele><time>2025-10-06T01:14:45.000Z</time><extensions><gpxtpx:TrackPointExtension><gpxtpx:bearing>214.5</gpxtpx:bearing><gpxtpx:speed>29.619999</gpxtpx:speed></gpxtpx:TrackPointExtension></extensions><src>gps</src></trkpt>
<trkpt lat="35.682851783931255" lon="140.1980161294341"><ele>46.0</ele><time>2025-10-06T01:14:47.000Z</time><extensions><gpxtpx:TrackPointExtension><gpxtpx:bearing>214.5</gpxtpx:bearing><gpxtpx:speed>29.31</gpxtpx:speed></gpxtpx:TrackPointExtension></extensions><src>gps</src></trkpt>
<trkpt lat="35.6612163" lon="140.1612013"><ele>67.0</ele><time>2025-10-06T01:17:15.221Z</time><extensions><gpxtpx:TrackPointExtension></gpxtpx:TrackPointExtension></extensions><src>network</src></trkpt>
<trkpt lat="35.656460942700505" lon="140.15682762488723"><ele>63.0</ele><time>2025-10-06T01:17:40.000Z</time><extensions><gpxtpx:TrackPointExtension><gpxtpx:bearing>195.6</gpxtpx:bearing><gpxtpx:speed>27.57</gpxtpx:speed></gpxtpx:TrackPointExtension></extensions><geoidheight>39.4</geoidheight><src>gps</src><sat>34</sat><hdop>0.4</hdop><vdop>0.8</vdop><pdop>0.8</pdop></trkpt>
<trkpt lat="35.65621292218566" lon="140.1567651797086"><ele>64.0</ele><time>2025-10-06T01:17:41.000Z</time><extensions><gpxtpx:TrackPointExtension><gpxtpx:bearing>193.1</gpxtpx:bearing><gpxtpx:speed>28.289999</gpxtpx:speed></gpxtpx:TrackPointExtension></extensions><src>gps</src></trkpt>
<trkpt lat="35.65568121615797" lon="140.15667415224016"><ele>64.0</ele><time>2025-10-06T01:17:43.000Z</time><extensions><gpxtpx:TrackPointExtension><gpxtpx:bearing>188.4</gpxtpx:bearing><gpxtpx:speed>29.56</gpxtpx:speed></gpxtpx:TrackPointExtension></extensions><src>gps</src></trkpt>
<trkpt lat="35.65513882320374" lon="140.1565910037607"><ele>65.0</ele><time>2025-10-06T01:17:45.000Z</time><extensions><gpxtpx:TrackPointExtension><gpxtpx:bearing>188.1</gpxtpx:bearing><gpxtpx:speed>29.949999</gpxtpx:speed></gpxtpx:TrackPointExtension></extensions><src>gps</src></trkpt>
<trkpt lat="35.65458985045552" lon="140.15649989247322"><ele>66.0</ele><time>2025-10-06T01:17:47.000Z</time><extensions><gpxtpx:TrackPointExtension><gpxtpx:bearing>188.5</gpxtpx:bearing><gpxtpx:speed>30.84</gpxtpx:speed></gpxtpx:TrackPointExtension></extensions><src>gps</src></trkpt>
<trkpt lat="35.65403836313635" lon="140.1564049255103"><ele>66.0</ele><time>2025-10-06T01:17:49.000Z</time><extensions><gpxtpx:TrackPointExtension><gpxtpx:bearing>187.7</gpxtpx:bearing><gpxtpx:speed>31.109999</gpxtpx:speed></gpxtpx:TrackPointExtension></extensions><src>gps</src></trkpt>
<trkpt lat="35.65348184667528" lon="140.15631021000445"><ele>66.0</ele><time>2025-10-06T01:17:51.000Z</time><extensions><gpxtpx:TrackPointExtension><gpxtpx:bearing>188.2</gpxtpx:bearing><gpxtpx:speed>31.779999</gpxtpx:speed></gpxtpx:TrackPointExtension></extensions><src>gps</src></trkpt>
<trkpt lat="35.652907309122384" lon="140.15622010454535"><ele>65.0</ele><time>2025-10-06T01:17:53.000Z</time><extensions><gpxtpx:TrackPointExtension><gpxtpx:bearing>186.3</gpxtpx:bearing><gpxtpx:speed>31.269999</gpxtpx:speed></gpxtpx:TrackPointExtension></extensions><src>gps</src></trkpt>
<trkpt lat="35.65234660170972" lon="140.15612622722983"><ele>65.0</ele><time>2025-10-06T01:17:55.000Z</time><extensions><gpxtpx:TrackPointExtension><gpxtpx:bearing>188.2</gpxtpx:bearing><gpxtpx:speed>31.019999</gpxtpx:speed></gpxtpx:TrackPointExtension></extensions><src>gps</src></trkpt>
<trkpt lat="35.65176757983863" lon="140.1560108922422"><ele>62.0</ele><time>2025-10-06T01:17:57.000Z</time><extensions><gpxtpx:TrackPointExtension><gpxtpx:bearing>188.5</gpxtpx:bearing><gpxtpx:speed>32.29</gpxtpx:speed></gpxtpx:TrackPointExtension></extensions><src>gps</src></trkpt>
<trkpt lat="35.65117112360895" lon="140.1559033524245"><ele>64.0</ele><time>2025-10-06T01:17:59.000Z</time><extensions><gpxtpx:TrackPointExtension><gpxtpx:bearing>188.0</gpxtpx:bearing><gpxtpx:speed>33.17</gpxtpx:speed></gpxtpx:TrackPointExtension></extensions><src>gps</src></trkpt>
<trkpt lat="35.65056699793786" lon="140.1557992491871"><ele>65.0</ele><time>2025-10-06T01:18:01.000Z</time><extensions><gpxtpx:TrackPointExtension><gpxtpx:bearing>188.3</gpxtpx:bearing><gpxtpx:speed>33.34</gpxtpx:speed></gpxtpx:TrackPointExtension></extensions><src>gps</src></trkpt>
<trkpt lat="35.64997259527445" lon="140.1556922122836"><ele>66.0</ele><time>2025-10-06T01:18:03.000Z</time><extensions><gpxtpx:TrackPointExtension><gpxtpx:bearing>188.1</gpxtpx:bearing><gpxtpx:speed>33.1</gpxtpx:speed></gpxtpx:TrackPointExtension></extensions><src>gps</src></trkpt>
<trkpt lat="35.64938695169985" lon="140.15559196472168"><ele>67.0</ele><time>2025-10-06T01:18:05.000Z</time><extensions><gpxtpx:TrackPointExtension><gpxtpx:bearing>188.1</gpxtpx:bearing><gpxtpx:speed>33.04</gpxtpx:speed></gpxtpx:TrackPointExtension></extensions><src>gps</src></trkpt>
<trkpt lat="35.64880176912993" lon="140.1554894540459"><ele>67.0</ele><time>2025-10-06T01:18:07.000Z</time><extensions><gpxtpx:TrackPointExtension><gpxtpx:bearing>188.1</gpxtpx:bearing><gpxtpx:speed>32.77</gpxtpx:speed></gpxtpx:TrackPointExtension></extensions><src>gps</src></trkpt>
<trkpt lat="35.648213820531964" lon="140.1553837582469"><ele>67.0</ele><time>2025-10-06T01:18:09.000Z</time><extensions><gpxtpx:TrackPointExtension><gpxtpx:bearing>187.9</gpxtpx:bearing><gpxtpx:speed>32.719997</gpxtpx:speed></gpxtpx:TrackPointExtension></extensions><src>gps</src></trkpt>
<trkpt lat="35.64762935042381" lon="140.15528074465692"><ele>66.0</ele><time>2025-10-06T01:18:11.000Z</time><extensions><gpxtpx:TrackPointExtension><gpxtpx:bearing>188.5</gpxtpx:bearing><gpxtpx:speed>32.62</gpxtpx:speed></gpxtpx:TrackPointExtension></extensions><src>gps</src></trkpt>
<trkpt lat="35.64705007709563" lon="140.15517882071435"><ele>66.0</ele><time>2025-10-06T01:18:13.000Z</time><extensions><gpxtpx:TrackPointExtension><gpxtpx:bearing>188.2</gpxtpx:bearing><gpxtpx:speed>32.67</gpxtpx:speed></gpxtpx:TrackPointExtension></extensions><src>gps</src></trkpt>
<trkpt lat="35.64646447543055" lon="140.15507094562054"><ele>67.0</ele><time>2025-10-06T01:18:15.000Z</time><extensions><gpxtpx:TrackPointExtension><gpxtpx:bearing>187.8</gpxtpx:bearing><gpxtpx:speed>32.41</gpxtpx:speed></gpxtpx:TrackPointExtension></extensions><src>gps</src></trkpt>
<trkpt lat="35.64588310662657" lon="140.15496399253607"><ele>67.0</ele><time>2025-10-06T01:18:17.000Z</time><extensions><gpxtpx:TrackPointExtension><gpxtpx:bearing>188.0</gpxtpx:bearing><gpxtpx:speed>32.04</gpxtpx:speed></gpxtpx:TrackPointExtension></extensions><src>gps</src></trkpt>
<trkpt lat="35.645298259332776" lon="140.1548602245748"><ele>67.0</ele><time>2025-10-06T01:18:19.000Z</time><extensions><gpxtpx:TrackPointExtension><gpxtpx:bearing>188.7</gpxtpx:bearing><gpxtpx:speed>32.32</gpxtpx:speed></gpxtpx:TrackPointExtension></extensions><src>gps</src></trkpt>
<trkpt lat="35.64471919555217" lon="140.1547598093748"><ele>66.0</ele><time>2025-10-06T01:18:21.000Z</time><extensions><gpxtpx:TrackPointExtension><gpxtpx:bearing>188.0</gpxtpx:bearing><gpxtpx:speed>32.239998</gpxtpx:speed></gpxtpx:TrackPointExtension></extensions><src>gps</src></trkpt>
<trkpt lat="35.644148513674736" lon="140.15466501004994"><ele>66.0</ele><time>2025-10-06T01:18:23.000Z</time><extensions><gpxtpx:TrackPointExtension><gpxtpx:bearing>187.9</gpxtpx:bearing><gpxtpx:speed>32.05</gpxtpx:speed></gpxtpx:TrackPointExtension></extensions><src>gps</src></trkpt>
<trkpt lat="35.64357644878328" lon="140.15456928871572"><ele>65.0</ele><time>2025-10-06T01:18:25.000Z</time><extensions><gpxtpx:TrackPointExtension><gpxtpx:bearing>187.8</gpxtpx:bearing><gpxtpx:speed>31.689999</gpxtpx:speed></gpxtpx:TrackPointExtension></extensions><src>gps</src></trkpt>
<trkpt lat="35.64300149213523" lon="140.15446996316314"><ele>64.0</ele><time>2025-10-06T01:18:27.000Z</time><extensions><gpxtpx:TrackPointExtension><gpxtpx:bearing>187.6</gpxtpx:bearing><gpxtpx:speed>31.89</gpxtpx:speed></gpxtpx:TrackPointExtension></extensions><src>gps</src></trkpt>
<trkpt lat="35.64243357628584" lon="140.1543630938977"><ele>63.0</ele><time>2025-10-06T01:18:29.000Z</time><extensions><gpxtpx:TrackPointExtension><gpxtpx:bearing>187.8</gpxtpx:bearing><gpxtpx:speed>31.599998</gpxtpx:speed></gpxtpx:TrackPointExtension></extensions><src>gps</src></trkpt>
<trkpt lat="35.64187580253929" lon="140.15425136312842"><ele>63.0</ele><time>2025-10-06T01:18:31.000Z</time><extensions><gpxtpx:TrackPointExtension><gpxtpx:bearing>188.5</gpxtpx:bearing><gpxtpx:speed>31.06</gpxtpx:speed></gpxtpx:TrackPointExtension></extensions><src>gps</src></trkpt>
<trkpt lat="35.64131689723581" lon="140.15412588603795"><ele>63.0</ele><time>2025-10-06T01:18:33.000Z</time><extensions><gpxtpx:TrackPointExtension><gpxtpx:bearing>191.5</gpxtpx:bearing><gpxtpx:speed>31.49</gpxtpx:speed></gpxtpx:TrackPointExtension></extensions><src>gps</src></trkpt>
<trkpt lat="35.640761721879244" lon="140.15395020134747"><ele>66.0</ele><time>2025-10-06T01:18:35.000Z</time><extensions><gpxtpx:TrackPointExtension><gpxtpx:bearing>197.0</gpxtpx:bearing><gpxtpx:speed>33.01</gpxtpx:speed></gpxtpx:TrackPointExtension></extensions><src>gps</src></trkpt>
<trkpt lat="35.64022071193904" lon="140.15371299348772"><ele>65.0</ele><time>2025-10-06T01:18:37.000Z</time><extensions><gpxtpx:TrackPointExtension><gpxtpx:bearing>201.0</gpxtpx:bearing><gpxtpx:speed>32.1</gpxtpx:speed></gpxtpx:TrackPointExtension></extensions><src>gps</src></trkpt>
<trkpt lat="35.63968607224524" lon="140.15343580394983"><ele>64.0</ele><time>2025-10-06T01:18:39.000Z</time><extensions><gpxtpx:TrackPointExtension><gpxtpx:bearing>202.6</gpxtpx:bearing><gpxtpx:speed>32.91</gpxtpx:speed></gpxtpx:TrackPointExtension></extensions><src>gps</src></trkpt>
<trkpt lat="35.639175404794514" lon="140.1530969236046"><ele>61.0</ele><time>2025-10-06T01:18:41.000Z</time><extensions><gpxtpx:TrackPointExtension><gpxtpx:bearing>209.2</gpxtpx:bearing><gpxtpx:speed>31.83</gpxtpx:speed></gpxtpx:TrackPointExtension></extensions><src>gps</src></trkpt>
<trkpt lat="35.638241660781205" lon="140.15226510353386"><ele>58.0</ele><time>2025-10-06T01:18:45.000Z</time><extensions><gpxtpx:TrackPointExtension><gpxtpx:bearing>219.6</gpxtpx:bearing><gpxtpx:speed>32.059998</gpxtpx:speed></gpxtpx:TrackPointExtension></extensions><src>gps</src></trkpt>
<trkpt lat="35.637798719108105" lon="140.15178741887212"><ele>58.0</ele><time>2025-10-06T01:18:47.000Z</time><extensions><gpxtpx:TrackPointExtension><gpxtpx:bearing>220.9</gpxtpx:bearing><gpxtpx:speed>33.2</gpxtpx:speed></gpxtpx:TrackPointExtension></extensions><src>gps</src></trkpt>
<trkpt lat="35.63738473691046" lon="140.15127612277865"><ele>58.0</ele><time>2025-10-06T01:18:49.000Z</time><extensions><gpxtpx:TrackPointExtension><gpxtpx:bearing>227.0</gpxtpx:bearing><gpxtpx:speed>32.42</gpxtpx:speed></gpxtpx:TrackPointExtension></extensions><src>gps</src></trkpt>
<trkpt lat="35.63698747660965" lon="140.15074906870723"><ele>60.0</ele><time>2025-10-06T01:18:51.000Z</time><extensions><gpxtpx:TrackPointExtension><gpxtpx:bearing>226.7</gpxtpx:bearing><gpxtpx:speed>32.38</gpxtpx:speed></gpxtpx:TrackPointExtension></extensions><src>gps</src></trkpt>
<trkpt lat="35.63660865649581" lon="140.15020550228655"><ele>60.0</ele><time>2025-10-06T01:18:53.000Z</time><extensions><gpxtpx:TrackPointExtension><gpxtpx:bearing>228.2</gpxtpx:bearing><gpxtpx:speed>32.12</gpxtpx:speed></gpxtpx:TrackPointExtension></extensions><src>gps</src></trkpt>
<trkpt lat="35.63623063266277" lon="140.14968163333833"><ele>60.0</ele><time>2025-10-06T01:18:55.000Z</time><extensions><gpxtpx:TrackPointExtension><gpxtpx:bearing>227.9</gpxtpx:bearing><gpxtpx:speed>32.059998</gpxtpx:speed></gpxtpx:TrackPointExtension></extensions><src>gps</src></trkpt>
<trkpt lat="35.63435203861445" lon="140.14693966135383"><ele>55.0</ele><time>2025-10-06T01:19:05.000Z</time><extensions><gpxtpx:TrackPointExtension><gpxtpx:bearing>228.3</gpxtpx:bearing><gpxtpx:speed>32.18</gpxtpx:speed></gpxtpx:TrackPointExtension></extensions><geoidheight>39.4</geoidheight><src>gps</src><sat>33</sat><hdop>0.4</hdop><vdop>0.8</vdop><pdop>1.0</pdop></trkpt>
<trkpt lat="35.63415665645152" lon="140.14667915180326"><ele>56.0</ele><time>2025-10-06T01:19:06.000Z</time><extensions><gpxtpx:TrackPointExtension><gpxtpx:bearing>228.8</gpxtpx:bearing><gpxtpx:speed>32.04</gpxtpx:speed></gpxtpx:TrackPointExtension></extensions><src>gps</src></trkpt>
<trkpt lat="35.63375520519912" lon="140.14615628868341"><ele>57.0</ele><time>2025-10-06T01:19:08.000Z</time><extensions><gpxtpx:TrackPointExtension><gpxtpx:bearing>227.7</gpxtpx:bearing><gpxtpx:speed>32.93</gpxtpx:speed></gpxtpx:TrackPointExtension></extensions><src>gps</src></trkpt>
<trkpt lat="35.63335932791233" lon="140.1456271391362"><ele>60.0</ele><time>2025-10-06T01:19:10.000Z</time><extensions><gpxtpx:TrackPointExtension><gpxtpx:bearing>228.0</gpxtpx:bearing><gpxtpx:speed>32.34</gpxtpx:speed></gpxtpx:TrackPointExtension></extensions><src>gps</src></trkpt>
<trkpt lat="35.632969569414854" lon="140.14510788023472"><ele>61.0</ele><time>2025-10-06T01:19:12.000Z</time><extensions><gpxtpx:TrackPointExtension><gpxtpx:bearing>227.6</gpxtpx:bearing><gpxtpx:speed>32.28</gpxtpx:speed></gpxtpx:TrackPointExtension></extensions><src>gps</src></trkpt>
<trkpt lat="35.632586013525724" lon="140.14459029771388"><ele>62.0</ele><time>2025-10-06T01:19:14.000Z</time><extensions><gpxtpx:TrackPointExtension><gpxtpx:bearing>229.1</gpxtpx:bearing><gpxtpx:speed>32.23</gpxtpx:speed></gpxtpx:TrackPointExtension></extensions><src>gps</src></trkpt>
<trkpt lat="35.63181856647134" lon="140.14353141188622"><ele>63.0</ele><time>2025-10-06T01:19:18.000Z</time><extensions><gpxtpx:TrackPointExtension><gpxtpx:bearing>227.4</gpxtpx:bearing><gpxtpx:speed>32.059998</gpxtpx:speed></gpxtpx:TrackPointExtension></extensions><src>gps</src></trkpt>
<trkpt lat="35.63142130617052" lon="140.14300486072898"><ele>62.0</ele><time>2025-10-06T01:19:20.000Z</time><extensions><gpxtpx:TrackPointExtension><gpxtpx:bearing>227.9</gpxtpx:bearing><gpxtpx:speed>32.75</gpxtpx:speed></gpxtpx:TrackPointExtension></extensions><src>gps</src></trkpt>
<trkpt lat="35.63102572225034" lon="140.14246079139411"><ele>60.0</ele><time>2025-10-06T01:19:22.000Z</time><extensions><gpxtpx:TrackPointExtension><gpxtpx:bearing>228.4</gpxtpx:bearing><gpxtpx:speed>32.309998</gpxtpx:speed></gpxtpx:TrackPointExtension></extensions><src>gps</src></trkpt>
<trkpt lat="35.630215904675424" lon="140.1413904223591"><ele>56.0</ele><time>2025-10-06T01:19:26.000Z</time><extensions><gpxtpx:TrackPointExtension><gpxtpx:bearing>225.4</gpxtpx:bearing><gpxtpx:speed>33.79</gpxtpx:speed></gpxtpx:TrackPointExtension></extensions><src>gps</src></trkpt>
<trkpt lat="35.62746986746788" lon="140.13760515488684"><ele>60.0</ele><time>2025-10-06T01:19:40.000Z</time><extensions><gpxtpx:TrackPointExtension><gpxtpx:bearing>228.0</gpxtpx:bearing><gpxtpx:speed>32.92</gpxtpx:speed></gpxtpx:TrackPointExtension></extensions><geoidheight>39.4</geoidheight><src>gps</src><sat>29</sat><hdop>0.4</hdop><vdop>1.0</vdop><pdop>1.2</pdop></trkpt>
<trkpt lat="35.62690052669495" lon="140.13677853159606"><ele>59.0</ele><time>2025-10-06T01:19:43.000Z</time><extensions><gpxtpx:TrackPointExtension><gpxtpx:bearing>228.0</gpxtpx:bearing><gpxtpx:speed>32.829998</gpxtpx:speed></gpxtpx:TrackPointExtension></extensions><src>gps</src></trkpt>
<trkpt lat="35.62651001382619" lon="140.1362315285951"><ele>56.0</ele><time>2025-10-06T01:19:45.000Z</time><extensions><gpxtpx:TrackPointExtension><gpxtpx:bearing>228.4</gpxtpx:bearing><gpxtpx:speed>32.68</gpxtpx:speed></gpxtpx:TrackPointExtension></extensions><src>gps</src></trkpt>
<trkpt lat="35.62611619010568" lon="140.13568787835538"><ele>54.0</ele><time>2025-10-06T01:19:47.000Z</time><extensions><gpxtpx:TrackPointExtension><gpxtpx:bearing>228.1</gpxtpx:bearing><gpxtpx:speed>32.96</gpxtpx:speed></gpxtpx:TrackPointExtension></extensions><src>gps</src></trkpt>
<trkpt lat="35.62572580296546" lon="140.13514632359147"><ele>53.0</ele><time>2025-10-06T01:19:49.000Z</time><extensions><gpxtpx:TrackPointExtension><gpxtpx:bearing>228.4</gpxtpx:bearing><gpxtpx:speed>32.76</gpxtpx:speed></gpxtpx:TrackPointExtension></extensions><src>gps</src></trkpt>
<trkpt lat="35.625343336723745" lon="140.1346160005778"><ele>55.0</ele><time>2025-10-06T01:19:51.000Z</time><extensions><gpxtpx:TrackPointExtension><gpxtpx:bearing>229.1</gpxtpx:bearing><gpxtpx:speed>31.949999</gpxtpx:speed></gpxtpx:TrackPointExtension></extensions><src>gps</src></trkpt>
<trkpt lat="35.62496971338987" lon="140.134087940678"><ele>55.0</ele><time>2025-10-06T01:19:53.000Z</time><extensions><gpxtpx:TrackPointExtension><gpxtpx:bearing>228.9</gpxtpx:bearing><gpxtpx:speed>32.329998</gpxtpx:speed></gpxtpx:TrackPointExtension></extensions><src>gps</src></trkpt>
<trkpt lat="35.624584816396236" lon="140.13355703093112"><ele>55.0</ele><time>2025-10-06T01:19:55.000Z</time><extensions><gpxtpx:TrackPointExtension><gpxtpx:bearing>228.2</gpxtpx:bearing><gpxtpx:speed>32.25</gpxtpx:speed></gpxtpx:TrackPointExtension></extensions><src>gps</src></trkpt>
<trkpt lat="35.6241972791031" lon="140.13303274288774"><ele>55.0</ele><time>2025-10-06T01:19:57.000Z</time><extensions><gpxtpx:TrackPointExtension><gpxtpx:bearing>227.5</gpxtpx:bearing><gpxtpx:speed>32.13</gpxtpx:speed></gpxtpx:TrackPointExtension></extensions><src>gps</src></trkpt>
<trkpt lat="35.62381430994719" lon="140.1325098797679"><ele>56.0</ele><time>2025-10-06T01:19:59.000Z</time><extensions><gpxtpx:TrackPointExtension><gpxtpx:bearing>228.7</gpxtpx:bearing><gpxtpx:speed>31.019999</gpxtpx:speed></gpxtpx:TrackPointExtension></extensions><src>gps</src></trkpt>
<trkpt lat="35.62342149205506" lon="140.13199263252318"><ele>53.0</ele><time>2025-10-06T01:20:01.000Z</time><extensions><gpxtpx:TrackPointExtension><gpxtpx:bearing>227.5</gpxtpx:bearing><gpxtpx:speed>31.429998</gpxtpx:speed></gpxtpx:TrackPointExtension></extensions><src>gps</src></trkpt>
<trkpt lat="35.62303793616593" lon="140.13147597201169"><ele>51.0</ele><time>2025-10-06T01:20:03.000Z</time><extensions><gpxtpx:TrackPointExtension><gpxtpx:bearing>227.9</gpxtpx:bearing><gpxtpx:speed>30.71</gpxtpx:speed></gpxtpx:TrackPointExtension></extensions><src>gps</src></trkpt>
<trkpt lat="35.62267479021102" lon="140.13097741641104"><ele>49.0</ele><time>2025-10-06T01:20:05.000Z</time><extensions><gpxtpx:TrackPointExtension><gpxtpx:bearing>228.2</gpxtpx:bearing><gpxtpx:speed>30.32</gpxtpx:speed></gpxtpx:TrackPointExtension></extensions><src>gps</src></trkpt>
<trkpt lat="35.62231059651822" lon="140.13049319386482"><ele>47.0</ele><time>2025-10-06T01:20:07.000Z</time><extensions><gpxtpx:TrackPointExtension><gpxtpx:bearing>228.8</gpxtpx:bearing><gpxtpx:speed>29.42</gpxtpx:speed></gpxtpx:TrackPointExtension></extensions><src>gps</src></trkpt>
<trkpt lat="35.62195859849453" lon="140.13000888749957"><ele>46.0</ele><time>2025-10-06T01:20:09.000Z</time><extensions><gpxtpx:TrackPointExtension><gpxtpx:bearing>228.7</gpxtpx:bearing><gpxtpx:speed>28.619999</gpxtpx:speed></gpxtpx:TrackPointExtension></extensions><src>gps</src></trkpt>
<trkpt lat="35.62163090799004" lon="140.12951837852597"><ele>45.0</ele><time>2025-10-06T01:20:11.000Z</time><extensions><gpxtpx:TrackPointExtension><gpxtpx:bearing>231.5</gpxtpx:bearing><gpxtpx:speed>28.449999</gpxtpx:speed></gpxtpx:TrackPointExtension></extensions><src>gps</src></trkpt>
<trkpt lat="35.621313359588385" lon="140.1290258578956"><ele>43.0</ele><time>2025-10-06T01:20:13.000Z</time><extensions><gpxtpx:TrackPointExtension><gpxtpx:bearing>231.5</gpxtpx:bearing><gpxtpx:speed>28.25</gpxtpx:speed></gpxtpx:TrackPointExtension></extensions><src>gps</src></trkpt>
<trkpt lat="35.62100276816636" lon="140.1285440661013"><ele>44.0</ele><time>2025-10-06T01:20:15.000Z</time><extensions><gpxtpx:TrackPointExtension><gpxtpx:bearing>231.3</gpxtpx:bearing><gpxtpx:speed>27.68</gpxtpx:speed></gpxtpx:TrackPointExtension></extensions><src>gps</src></trkpt>
<trkpt lat="35.620701857842505" lon="140.12807166203856"><ele>45.0</ele><time>2025-10-06T01:20:17.000Z</time><extensions><gpxtpx:TrackPointExtension><gpxtpx:bearing>231.7</gpxtpx:bearing><gpxtpx:speed>27.14</gpxtpx:speed></gpxtpx:TrackPointExtension></extensions><src>gps</src></trkpt>
<trkpt lat="35.62040023505688" lon="140.12760772369802"><ele>44.0</ele><time>2025-10-06T01:20:19.000Z</time><extensions><gpxtpx:TrackPointExtension><gpxtpx:bearing>231.4</gpxtpx:bearing><gpxtpx:speed>26.349998</gpxtpx:speed></gpxtpx:TrackPointExtension></extensions><src>gps</src></trkpt>
<trkpt lat="35.62010976020247" lon="140.1271604653448"><ele>43.0</ele><time>2025-10-06T01:20:21.000Z</time><extensions><gpxtpx:TrackPointExtension><gpxtpx:bearing>231.6</gpxtpx:bearing><gpxtpx:speed>25.56</gpxtpx:speed></gpxtpx:TrackPointExtension></extensions><src>gps</src></trkpt>
<trkpt lat="35.61981924343854" lon="140.12672913260758"><ele>43.0</ele><time>2025-10-06T01:20:23.000Z</time><extensions><gpxtpx:TrackPointExtension><gpxtpx:bearing>231.2</gpxtpx:bearing><gpxtpx:speed>24.74</gpxtpx:speed></gpxtpx:TrackPointExtension></extensions><src>gps</src></trkpt>
<trkpt lat="35.61954247299582" lon="140.12631230056286"><ele>43.0</ele><time>2025-10-06T01:20:25.000Z</time><extensions><gpxtpx:TrackPointExtension><gpxtpx:bearing>231.1</gpxtpx:bearing><gpxtpx:speed>23.99</gpxtpx:speed></gpxtpx:TrackPointExtension></extensions><src>gps</src></trkpt>
<trkpt lat="35.61927404254675" lon="140.12591038830578"><ele>43.0</ele><time>2025-10-06T01:20:27.000Z</time><extensions><gpxtpx:TrackPointExtension><gpxtpx:bearing>230.7</gpxtpx:bearing><gpxtpx:speed>23.109999</gpxtpx:speed></gpxtpx:TrackPointExtension></extensions><src>gps</src></trkpt>
<trkpt lat="35.61900753993541" lon="140.12553747743368"><ele>43.0</ele><time>2025-10-06T01:20:29.000Z</time><extensions><gpxtpx:TrackPointExtension><gpxtpx:bearing>228.3</gpxtpx:bearing><gpxtpx:speed>22.689999</gpxtpx:speed></gpxtpx:TrackPointExtension></extensions><src>gps</src></trkpt>
<trkpt lat="35.61874229460955" lon="140.12516071088612"><ele>41.0</ele><time>2025-10-06T01:20:31.000Z</time><extensions><gpxtpx:TrackPointExtension><gpxtpx:bearing>229.7</gpxtpx:bearing><gpxtpx:speed>22.14</gpxtpx:speed></gpxtpx:TrackPointExtension></extensions><src>gps</src></trkpt>
<trkpt lat="35.61848777811974" lon="140.12478151358664"><ele>40.0</ele><time>2025-10-06T01:20:33.000Z</time><extensions><gpxtpx:TrackPointExtension><gpxtpx:bearing>231.6</gpxtpx:bearing><gpxtpx:speed>21.85</gpxtpx:speed></gpxtpx:TrackPointExtension></extensions><src>gps</src></trkpt>
<trkpt lat="35.61824587639421" lon="140.12440809980035"><ele>40.0</ele><time>2025-10-06T01:20:35.000Z</time><extensions><gpxtpx:TrackPointExtension><gpxtpx:bearing>231.9</gpxtpx:bearing><gpxtpx:speed>21.369999</gpxtpx:speed></gpxtpx:TrackPointExtension></extensions><src>gps</src></trkpt>
<trkpt lat="35.6180013762787" lon="140.12404533103108"><ele>41.0</ele><time>2025-10-06T01:20:37.000Z</time><extensions><gpxtpx:TrackPointExtension><gpxtpx:bearing>230.1</gpxtpx:bearing><gpxtpx:speed>20.82</gpxtpx:speed></gpxtpx:TrackPointExtension></extensions><src>gps</src></trkpt>
<trkpt lat="35.617755870334804" lon="140.12369555421174"><ele>39.0</ele><time>2025-10-06T01:20:39.000Z</time><extensions><gpxtpx:TrackPointExtension><gpxtpx:bearing>227.9</gpxtpx:bearing><gpxtpx:speed>20.41</gpxtpx:speed></gpxtpx:TrackPointExtension></extensions><src>gps</src></trkpt>
<trkpt lat="35.61751463916153" lon="140.1233645528555"><ele>39.0</ele><time>2025-10-06T01:20:41.000Z</time><extensions><gpxtpx:TrackPointExtension><gpxtpx:bearing>228.0</gpxtpx:bearing><gpxtpx:speed>19.67</gpxtpx:speed></gpxtpx:TrackPointExtension></extensions><src>gps</src></trkpt>
<trkpt lat="35.61729080043733" lon="140.1230426877737"><ele>40.0</ele><time>2025-10-06T01:20:43.000Z</time><extensions><gpxtpx:TrackPointExtension><gpxtpx:bearing>230.6</gpxtpx:bearing><gpxtpx:speed>19.27</gpxtpx:speed></gpxtpx:TrackPointExtension></extensions><src>gps</src></trkpt>
<trkpt lat="35.61707907356322" lon="140.12271897867322"><ele>41.0</ele><time>2025-10-06T01:20:45.000Z</time><extensions><gpxtpx:TrackPointExtension><gpxtpx:bearing>231.1</gpxtpx:bearing><gpxtpx:speed>18.46</gpxtpx:speed></gpxtpx:TrackPointExtension></extensions><src>gps</src></trkpt>
<trkpt lat="35.61687329784036" lon="140.1224075909704"><ele>41.0</ele><time>2025-10-06T01:20:47.000Z</time><extensions><gpxtpx:TrackPointExtension><gpxtpx:bearing>230.0</gpxtpx:bearing><gpxtpx:speed>18.44</gpxtpx:speed></gpxtpx:TrackPointExtension></extensions><src>gps</src></trkpt>
<trkpt lat="35.61665817629546" lon="140.12210173532367"><ele>41.0</ele><time>2025-10-06T01:20:49.000Z</time><extensions><gpxtpx:TrackPointExtension><gpxtpx:bearing>229.1</gpxtpx:bearing><gpxtpx:speed>18.32</gpxtpx:speed></gpxtpx:TrackPointExtension></extensions><src>gps</src></trkpt>
<trkpt lat="35.61644146218896" lon="140.12179646641016"><ele>40.0</ele><time>2025-10-06T01:20:51.000Z</time><extensions><gpxtpx:TrackPointExtension><gpxtpx:bearing>227.6</gpxtpx:bearing><gpxtpx:speed>18.25</gpxtpx:speed></gpxtpx:TrackPointExtension></extensions><src>gps</src></trkpt>
<trkpt lat="35.61626883689314" lon="140.12147326022387"><ele>38.0</ele><time>2025-10-06T01:20:53.000Z</time><extensions><gpxtpx:TrackPointExtension><gpxtpx:bearing>232.4</gpxtpx:bearing><gpxtpx:speed>16.89</gpxtpx:speed></gpxtpx:TrackPointExtension></extensions><src>gps</src></trkpt>
<trkpt lat="35.615814328193665" lon="140.12066616676748"><ele>38.0</ele><time>2025-10-06T01:20:59.000Z</time><extensions><gpxtpx:TrackPointExtension><gpxtpx:bearing>233.4</gpxtpx:bearing><gpxtpx:speed>14.679999</gpxtpx:speed></gpxtpx:TrackPointExtension></extensions><geoidheight>39.4</geoidheight><src>gps</src><sat>29</sat><hdop>0.6</hdop><vdop>1.2</vdop><pdop>1.4</pdop></trkpt>
<trkpt lat="35.61574153136462" lon="140.12052652426064"><ele>38.0</ele><time>2025-10-06T01:21:00.000Z</time><extensions><gpxtpx:TrackPointExtension><gpxtpx:bearing>234.8</gpxtpx:bearing><gpxtpx:speed>15.11</gpxtpx:speed></gpxtpx:TrackPointExtension></extensions><src>gps</src></trkpt>
<trkpt lat="35.659180828370154" lon="140.0583771429956"><ele>45.0</ele><time>2025-10-06T01:28:06.000Z</time><extensions><gpxtpx:TrackPointExtension><gpxtpx:bearing>316.9</gpxtpx:bearing><gpxtpx:speed>28.73</gpxtpx:speed></gpxtpx:TrackPointExtension></extensions><geoidheight>39.4</geoidheight><src>gps</src><sat>33</sat><hdop>0.4</hdop><vdop>0.8</vdop><pdop>1.0</pdop></trkpt>
<trkpt lat="35.66006210166961" lon="140.0573601666838"><ele>45.0</ele><time>2025-10-06T01:28:11.000Z</time><extensions><gpxtpx:TrackPointExtension><gpxtpx:bearing>316.0</gpxtpx:bearing><gpxtpx:speed>25.519999</gpxtpx:speed></gpxtpx:TrackPointExtension></extensions><src>gps</src></trkpt>
<trkpt lat="35.66021930426359" lon="140.05715866573155"><ele>45.0</ele><time>2025-10-06T01:28:12.000Z</time><extensions><gpxtpx:TrackPointExtension><gpxtpx:bearing>314.8</gpxtpx:bearing><gpxtpx:speed>25.15</gpxtpx:speed></gpxtpx:TrackPointExtension></extensions><geoidheight>39.4</geoidheight><src>gps</src><sat>33</sat><hdop>0.4</hdop><vdop>1.0</vdop><pdop>1.2</pdop></trkpt>
<trkpt lat="35.66036816686392" lon="140.05695967935026"><ele>44.0</ele><time>2025-10-06T01:28:13.000Z</time><extensions><gpxtpx:TrackPointExtension><gpxtpx:bearing>314.2</gpxtpx:bearing><gpxtpx:speed>25.01</gpxtpx:speed></gpxtpx:TrackPointExtension></extensions><src>gps</src></trkpt>
<trkpt lat="35.66067146603018" lon="140.05657008849084"><ele>43.0</ele><time>2025-10-06T01:28:15.000Z</time><extensions><gpxtpx:TrackPointExtension><gpxtpx:bearing>314.5</gpxtpx:bearing><gpxtpx:speed>24.609999</gpxtpx:speed></gpxtpx:TrackPointExtension></extensions><src>gps</src></trkpt>
<trkpt lat="35.6609857454896" lon="140.05618644878268"><ele>42.0</ele><time>2025-10-06T01:28:17.000Z</time><extensions><gpxtpx:TrackPointExtension><gpxtpx:bearing>316.9</gpxtpx:bearing><gpxtpx:speed>24.8</gpxtpx:speed></gpxtpx:TrackPointExtension></extensions><src>gps</src></trkpt>
<trkpt lat="35.66131209488958" lon="140.05581513047218"><ele>42.0</ele><time>2025-10-06T01:28:19.000Z</time><extensions><gpxtpx:TrackPointExtension><gpxtpx:bearing>316.2</gpxtpx:bearing><gpxtpx:speed>24.92</gpxtpx:speed></gpxtpx:TrackPointExtension></extensions><src>gps</src></trkpt>
<trkpt lat="35.66163169685751" lon="140.0554407108575"><ele>42.0</ele><time>2025-10-06T01:28:21.000Z</time><extensions><gpxtpx:TrackPointExtension><gpxtpx:bearing>317.0</gpxtpx:bearing><gpxtpx:speed>24.67</gpxtpx:speed></gpxtpx:TrackPointExtension></extensions><src>gps</src></trkpt>
<trkpt lat="35.66305624321103" lon="140.05377665162086"><ele>42.0</ele><time>2025-10-06T01:28:30.000Z</time><extensions><gpxtpx:TrackPointExtension><gpxtpx:bearing>316.4</gpxtpx:bearing><gpxtpx:speed>25.07</gpxtpx:speed></gpxtpx:TrackPointExtension></extensions><geoidheight>39.4</geoidheight><src>gps</src><sat>16</sat><hdop>0.8</hdop><vdop>1.6</vdop><pdop>1.8</pdop></trkpt>
<trkpt lat="35.66321294289082" lon="140.05358571186662"><ele>41.0</ele><time>2025-10-06T01:28:31.000Z</time><extensions><gpxtpx:TrackPointExtension><gpxtpx:bearing>315.9</gpxtpx:bearing><gpxtpx:speed>24.96</gpxtpx:speed></gpxtpx:TrackPointExtension></extensions><src>gps</src></trkpt>
<trkpt lat="35.67621884867549" lon="140.03817507997155"><ele>47.0</ele><time>2025-10-06T01:29:34.000Z</time><extensions><gpxtpx:TrackPointExtension><gpxtpx:bearing>316.1</gpxtpx:bearing><gpxtpx:speed>35.19</gpxtpx:speed></gpxtpx:TrackPointExtension></extensions><geoidheight>39.4</geoidheight><src>gps</src><sat>39</sat><hdop>0.4</hdop><vdop>0.6</vdop><pdop>0.8</pdop></trkpt>
<trkpt lat="35.676441262476146" lon="140.0379030033946"><ele>46.0</ele><time>2025-10-06T01:29:35.000Z</time><extensions><gpxtpx:TrackPointExtension><gpxtpx:bearing>315.8</gpxtpx:bearing><gpxtpx:speed>34.69</gpxtpx:speed></gpxtpx:TrackPointExtension></extensions><src>gps</src></trkpt>
<trkpt lat="35.67735090851784" lon="140.03683623857796"><ele>46.0</ele><time>2025-10-06T01:29:39.000Z</time><extensions><gpxtpx:TrackPointExtension><gpxtpx:bearing>316.7</gpxtpx:bearing><gpxtpx:speed>34.68</gpxtpx:speed></gpxtpx:TrackPointExtension></extensions><src>gps</src></trkpt>
<trkpt lat="35.67781073972583" lon="140.03629988059402"><ele>47.0</ele><time>2025-10-06T01:29:41.000Z</time><extensions><gpxtpx:TrackPointExtension><gpxtpx:bearing>316.5</gpxtpx:bearing><gpxtpx:speed>35.73</gpxtpx:speed></gpxtpx:TrackPointExtension></extensions><src>gps</src></trkpt>
<trkpt lat="35.67826864309609" lon="140.03575136885047"><ele>47.0</ele><time>2025-10-06T01:29:43.000Z</time><extensions><gpxtpx:TrackPointExtension><gpxtpx:bearing>315.5</gpxtpx:bearing><gpxtpx:speed>35.399998</gpxtpx:speed></gpxtpx:TrackPointExtension></extensions><src>gps</src></trkpt>
<trkpt lat="35.67871481180191" lon="140.03521065227687"><ele>48.0</ele><time>2025-10-06T01:29:45.000Z</time><extensions><gpxtpx:TrackPointExtension><gpxtpx:bearing>316.0</gpxtpx:bearing><gpxtpx:speed>34.75</gpxtpx:speed></gpxtpx:TrackPointExtension></extensions><src>gps</src></trkpt>
<trkpt lat="35.67916131578386" lon="140.03467655740678"><ele>49.0</ele><time>2025-10-06T01:29:47.000Z</time><extensions><gpxtpx:TrackPointExtension><gpxtpx:bearing>316.1</gpxtpx:bearing><gpxtpx:speed>34.719997</gpxtpx:speed></gpxtpx:TrackPointExtension></extensions><src>gps</src></trkpt>
<trkpt lat="35.67961201071739" lon="140.03414849750698"><ele>49.0</ele><time>2025-10-06T01:29:49.000Z</time><extensions><gpxtpx:TrackPointExtension><gpxtpx:bearing>316.3</gpxtpx:bearing><gpxtpx:speed>34.25</gpxtpx:speed></gpxtpx:TrackPointExtension></extensions><src>gps</src></trkpt>
<trkpt lat="35.68005792796612" lon="140.03362638875842"><ele>50.0</ele><time>2025-10-06T01:29:51.000Z</time><extensions><gpxtpx:TrackPointExtension><gpxtpx:bearing>316.7</gpxtpx:bearing><gpxtpx:speed>34.1</gpxtpx:speed></gpxtpx:TrackPointExtension></extensions><src>gps</src></trkpt>
<trkpt lat="35.68049965426326" lon="140.03311567939818"><ele>51.0</ele><time>2025-10-06T01:29:53.000Z</time><extensions><gpxtpx:TrackPointExtension><gpxtpx:bearing>316.5</gpxtpx:bearing><gpxtpx:speed>34.079998</gpxtpx:speed></gpxtpx:TrackPointExtension></extensions><src>gps</src></trkpt>
<trkpt lat="35.68094511050731" lon="140.03259734250605"><ele>51.0</ele><time>2025-10-06T01:29:55.000Z</time><extensions><gpxtpx:TrackPointExtension><gpxtpx:bearing>315.8</gpxtpx:bearing><gpxtpx:speed>33.5</gpxtpx:speed></gpxtpx:TrackPointExtension></extensions><src>gps</src></trkpt>
<trkpt lat="35.68159131333232" lon="140.03182344138622"><ele>52.0</ele><time>2025-10-06T01:29:58.000Z</time><extensions><gpxtpx:TrackPointExtension><gpxtpx:bearing>315.8</gpxtpx:bearing><gpxtpx:speed>32.93</gpxtpx:speed></gpxtpx:TrackPointExtension></extensions><src>gps</src></trkpt>
<trkpt lat="35.68180802743882" lon="140.0315672904253"><ele>51.0</ele><time>2025-10-06T01:29:59.000Z</time><extensions><gpxtpx:TrackPointExtension><gpxtpx:bearing>316.1</gpxtpx:bearing><gpxtpx:speed>33.42</gpxtpx:speed></gpxtpx:TrackPointExtension></extensions><src>gps</src></trkpt>
<trkpt lat="35.68224204238504" lon="140.0310556590557"><ele>50.0</ele><time>2025-10-06T01:30:01.000Z</time><extensions><gpxtpx:TrackPointExtension><gpxtpx:bearing>316.6</gpxtpx:bearing><gpxtpx:speed>33.76</gpxtpx:speed></gpxtpx:TrackPointExtension></extensions><src>gps</src></trkpt>
<trkpt lat="35.68268402013928" lon="140.0305413454771"><ele>48.0</ele><time>2025-10-06T01:30:03.000Z</time><extensions><gpxtpx:TrackPointExtension><gpxtpx:bearing>316.6</gpxtpx:bearing><gpxtpx:speed>33.809998</gpxtpx:speed></gpxtpx:TrackPointExtension></extensions><src>gps</src></trkpt>
<trkpt lat="35.6831283448264" lon="140.0300220027566"><ele>44.0</ele><time>2025-10-06T01:30:05.000Z</time><extensions><gpxtpx:TrackPointExtension><gpxtpx:bearing>317.3</gpxtpx:bearing><gpxtpx:speed>33.829998</gpxtpx:speed></gpxtpx:TrackPointExtension></extensions><src>gps</src></trkpt>
<trkpt lat="35.68356210831553" lon="140.02952151931822"><ele>44.0</ele><time>2025-10-06T01:30:07.000Z</time><extensions><gpxtpx:TrackPointExtension><gpxtpx:bearing>316.0</gpxtpx:bearing><gpxtpx:speed>33.38</gpxtpx:speed></gpxtpx:TrackPointExtension></extensions><src>gps</src></trkpt>
<trkpt lat="35.69320259615779" lon="140.01806412823498"><ele>54.0</ele><time>2025-10-06T01:31:00.000Z</time><extensions><gpxtpx:TrackPointExtension><gpxtpx:bearing>316.1</gpxtpx:bearing><gpxtpx:speed>18.33</gpxtpx:speed></gpxtpx:TrackPointExtension></extensions><geoidheight>39.4</geoidheight><src>gps</src><sat>37</sat><hdop>0.4</hdop><vdop>0.8</vdop><pdop>1.0</pdop></trkpt>
<trkpt lat="35.69331893697381" lon="140.01791610382497"><ele>55.0</ele><time>2025-10-06T01:31:01.000Z</time><extensions><gpxtpx:TrackPointExtension><gpxtpx:bearing>317.7</gpxtpx:bearing><gpxtpx:speed>18.63</gpxtpx:speed></gpxtpx:TrackPointExtension></extensions><src>gps</src></trkpt>
<trkpt lat="35.6935726152733" lon="140.01763639971614"><ele>57.0</ele><time>2025-10-06T01:31:03.000Z</time><extensions><gpxtpx:TrackPointExtension><gpxtpx:bearing>316.5</gpxtpx:bearing><gpxtpx:speed>18.75</gpxtpx:speed></gpxtpx:TrackPointExtension></extensions><src>gps</src></trkpt>
<trkpt lat="35.69380751810968" lon="140.01733758486807"><ele>54.0</ele><time>2025-10-06T01:31:05.000Z</time><extensions><gpxtpx:TrackPointExtension><gpxtpx:bearing>314.4</gpxtpx:bearing><gpxtpx:speed>18.529999</gpxtpx:speed></gpxtpx:TrackPointExtension></extensions><src>gps</src></trkpt>
<trkpt lat="35.69403919391334" lon="140.01704606227577"><ele>53.0</ele><time>2025-10-06T01:31:07.000Z</time><extensions><gpxtpx:TrackPointExtension><gpxtpx:bearing>312.2</gpxtpx:bearing><gpxtpx:speed>17.92</gpxtpx:speed></gpxtpx:TrackPointExtension></extensions><src>gps</src></trkpt>
<trkpt lat="35.69426340982318" lon="140.0167536176741"><ele>55.0</ele><time>2025-10-06T01:31:09.000Z</time><extensions><gpxtpx:TrackPointExtension><gpxtpx:bearing>314.1</gpxtpx:bearing><gpxtpx:speed>17.869999</gpxtpx:speed></gpxtpx:TrackPointExtension></extensions><src>gps</src></trkpt>
<trkpt lat="35.6944843987003" lon="140.01646963879466"><ele>55.0</ele><time>2025-10-06T01:31:11.000Z</time><extensions><gpxtpx:TrackPointExtension><gpxtpx:bearing>312.6</gpxtpx:bearing><gpxtpx:speed>17.71</gpxtpx:speed></gpxtpx:TrackPointExtension></extensions><src>gps</src></trkpt>
<trkpt lat="35.69471770897508" lon="140.01620661467314"><ele>54.0</ele><time>2025-10-06T01:31:13.000Z</time><extensions><gpxtpx:TrackPointExtension><gpxtpx:bearing>314.3</gpxtpx:bearing><gpxtpx:speed>17.359999</gpxtpx:speed></gpxtpx:TrackPointExtension></extensions><src>gps</src></trkpt>
<trkpt lat="35.694948211312294" lon="140.01592271961272"><ele>52.0</ele><time>2025-10-06T01:31:15.000Z</time><extensions><gpxtpx:TrackPointExtension><gpxtpx:bearing>315.6</gpxtpx:bearing><gpxtpx:speed>17.99</gpxtpx:speed></gpxtpx:TrackPointExtension></extensions><src>gps</src></trkpt>
<trkpt lat="35.69531035143882" lon="140.0154879502952"><ele>52.0</ele><time>2025-10-06T01:31:18.000Z</time><extensions><gpxtpx:TrackPointExtension><gpxtpx:bearing>314.4</gpxtpx:bearing><gpxtpx:speed>18.88</gpxtpx:speed></gpxtpx:TrackPointExtension></extensions><src>gps</src></trkpt>
<trkpt lat="35.69837607443333" lon="140.0115286745131"><ele>53.0</ele><time>2025-10-06T01:31:40.000Z</time><extensions><gpxtpx:TrackPointExtension><gpxtpx:bearing>304.2</gpxtpx:bearing><gpxtpx:speed>25.769999</gpxtpx:speed></gpxtpx:TrackPointExtension></extensions><geoidheight>39.4</geoidheight><src>gps</src><sat>26</sat><hdop>0.4</hdop><vdop>1.0</vdop><pdop>1.2</pdop></trkpt>
<trkpt lat="35.70000685751438" lon="140.00290470197797"><ele>55.0</ele><time>2025-10-06T01:32:07.000Z</time><extensions><gpxtpx:TrackPointExtension><gpxtpx:bearing>276.8</gpxtpx:bearing><gpxtpx:speed>33.44</gpxtpx:speed></gpxtpx:TrackPointExtension></extensions><geoidheight>39.4</geoidheight><src>gps</src><sat>21</sat><hdop>0.6</hdop><vdop>1.2</vdop><pdop>1.4</pdop></trkpt>
<trkpt lat="35.70004361215979" lon="140.0025329645723"><ele>54.0</ele><time>2025-10-06T01:32:08.000Z</time><extensions><gpxtpx:TrackPointExtension><gpxtpx:bearing>276.6</gpxtpx:bearing><gpxtpx:speed>33.67</gpxtpx:speed></gpxtpx:TrackPointExtension></extensions><src>gps</src></trkpt>
<trkpt lat="35.700467987917364" lon="139.9979846086353"><ele>44.0</ele><time>2025-10-06T01:32:20.000Z</time><extensions><gpxtpx:TrackPointExtension><gpxtpx:bearing>276.5</gpxtpx:bearing><gpxtpx:speed>34.559998</gpxtpx:speed></gpxtpx:TrackPointExtension></extensions><geoidheight>39.4</geoidheight><src>gps</src><sat>35</sat><hdop>0.4</hdop><vdop>1.0</vdop><pdop>1.2</pdop></trkpt>
<trkpt lat="35.70050009060651" lon="139.99760130420327"><ele>44.0</ele><time>2025-10-06T01:32:21.000Z</time><extensions><gpxtpx:TrackPointExtension><gpxtpx:bearing>276.5</gpxtpx:bearing><gpxtpx:speed>34.51</gpxtpx:speed></gpxtpx:TrackPointExtension></extensions><src>gps</src></trkpt>
<trkpt lat="35.70064903702587" lon="139.99607923440635"><ele>44.0</ele><time>2025-10-06T01:32:25.000Z</time><extensions><gpxtpx:TrackPointExtension><gpxtpx:bearing>277.2</gpxtpx:bearing><gpxtpx:speed>34.23</gpxtpx:speed></gpxtpx:TrackPointExtension></extensions><src>gps</src></trkpt>
<trkpt lat="35.70072652772069" lon="139.99532477930188"><ele>42.0</ele><time>2025-10-06T01:32:27.000Z</time><extensions><gpxtpx:TrackPointExtension><gpxtpx:bearing>276.7</gpxtpx:bearing><gpxtpx:speed>34.2</gpxtpx:speed></gpxtpx:TrackPointExtension></extensions><src>gps</src></trkpt>
<trkpt lat="35.70080066565424" lon="139.99455632641912"><ele>40.0</ele><time>2025-10-06T01:32:29.000Z</time><extensions><gpxtpx:TrackPointExtension><gpxtpx:bearing>276.8</gpxtpx:bearing><gpxtpx:speed>34.28</gpxtpx:speed></gpxtpx:TrackPointExtension></extensions><src>gps</src></trkpt>
<trkpt lat="35.70087941363454" lon="139.99379608780146"><ele>39.0</ele><time>2025-10-06T01:32:31.000Z</time><extensions><gpxtpx:TrackPointExtension><gpxtpx:bearing>276.9</gpxtpx:bearing><gpxtpx:speed>34.52</gpxtpx:speed></gpxtpx:TrackPointExtension></extensions><src>gps</src></trkpt>
<trkpt lat="35.70094822905958" lon="139.993031071499"><ele>39.0</ele><time>2025-10-06T01:32:33.000Z</time><extensions><gpxtpx:TrackPointExtension><gpxtpx:bearing>276.9</gpxtpx:bearing><gpxtpx:speed>34.35</gpxtpx:speed></gpxtpx:TrackPointExtension></extensions><src>gps</src></trkpt>
<trkpt lat="35.70101545192301" lon="139.99227753840387"><ele>40.0</ele><time>2025-10-06T01:32:35.000Z</time><extensions><gpxtpx:TrackPointExtension><gpxtpx:bearing>277.5</gpxtpx:bearing><gpxtpx:speed>34.41</gpxtpx:speed></gpxtpx:TrackPointExtension></extensions><src>gps</src></trkpt>
<trkpt lat="35.70110488682985" lon="139.99153054319322"><ele>40.0</ele><time>2025-10-06T01:32:37.000Z</time><extensions><gpxtpx:TrackPointExtension><gpxtpx:bearing>278.1</gpxtpx:bearing><gpxtpx:speed>34.52</gpxtpx:speed></gpxtpx:TrackPointExtension></extensions><src>gps</src></trkpt>
<trkpt lat="35.70118707139045" lon="139.99077759683132"><ele>41.0</ele><time>2025-10-06T01:32:39.000Z</time><extensions><gpxtpx:TrackPointExtension><gpxtpx:bearing>277.9</gpxtpx:bearing><gpxtpx:speed>33.94</gpxtpx:speed></gpxtpx:TrackPointExtension></extensions><src>gps</src></trkpt>
<trkpt lat="35.70125949103385" lon="139.9900380615145"><ele>41.0</ele><time>2025-10-06T01:32:41.000Z</time><extensions><gpxtpx:TrackPointExtension><gpxtpx:bearing>277.8</gpxtpx:bearing><gpxtpx:speed>33.489998</gpxtpx:speed></gpxtpx:TrackPointExtension></extensions><src>gps</src></trkpt>
<trkpt lat="35.70133991539478" lon="139.9893316347152"><ele>41.0</ele><time>2025-10-06T01:32:43.000Z</time><extensions><gpxtpx:TrackPointExtension><gpxtpx:bearing>277.3</gpxtpx:bearing><gpxtpx:speed>31.84</gpxtpx:speed></gpxtpx:TrackPointExtension></extensions><src>gps</src></trkpt>
<trkpt lat="35.70141828618944" lon="139.98863694258034"><ele>41.0</ele><time>2025-10-06T01:32:45.000Z</time><extensions><gpxtpx:TrackPointExtension><gpxtpx:bearing>276.8</gpxtpx:bearing><gpxtpx:speed>31.34</gpxtpx:speed></gpxtpx:TrackPointExtension></extensions><src>gps</src></trkpt>
<trkpt lat="35.70148383267224" lon="139.98796085827053"><ele>40.0</ele><time>2025-10-06T01:32:47.000Z</time><extensions><gpxtpx:TrackPointExtension><gpxtpx:bearing>277.4</gpxtpx:bearing><gpxtpx:speed>30.769999</gpxtpx:speed></gpxtpx:TrackPointExtension></extensions><src>gps</src></trkpt>
<trkpt lat="35.70154095534235" lon="139.98729181475937"><ele>40.0</ele><time>2025-10-06T01:32:49.000Z</time><extensions><gpxtpx:TrackPointExtension><gpxtpx:bearing>275.6</gpxtpx:bearing><gpxtpx:speed>30.429998</gpxtpx:speed></gpxtpx:TrackPointExtension></extensions><src>gps</src></trkpt>
<trkpt lat="35.70156731642783" lon="139.9866377748549"><ele>41.0</ele><time>2025-10-06T01:32:51.000Z</time><extensions><gpxtpx:TrackPointExtension><gpxtpx:bearing>272.8</gpxtpx:bearing><gpxtpx:speed>30.099998</gpxtpx:speed></gpxtpx:TrackPointExtension></extensions><src>gps</src></trkpt>
<trkpt lat="35.70160612463951" lon="139.98534293845296"><ele>40.0</ele><time>2025-10-06T01:32:55.000Z</time><extensions><gpxtpx:TrackPointExtension><gpxtpx:bearing>271.7</gpxtpx:bearing><gpxtpx:speed>28.57</gpxtpx:speed></gpxtpx:TrackPointExtension></extensions><src>gps</src></trkpt>
<trkpt lat="35.70224738214165" lon="139.9789013620466"><ele>33.0</ele><time>2025-10-06T01:33:17.000Z</time><extensions><gpxtpx:TrackPointExtension><gpxtpx:bearing>276.7</gpxtpx:bearing><gpxtpx:speed>26.89</gpxtpx:speed></gpxtpx:TrackPointExtension></extensions><geoidheight>39.4</geoidheight><src>gps</src><sat>32</sat><hdop>0.4</hdop><vdop>0.8</vdop><pdop>1.0</pdop></trkpt>
<trkpt lat="35.70232763886452" lon="139.97803651727736"><ele>35.0</ele><time>2025-10-06T01:33:20.000Z</time><extensions><gpxtpx:TrackPointExtension><gpxtpx:bearing>274.9</gpxtpx:bearing><gpxtpx:speed>26.42</gpxtpx:speed></gpxtpx:TrackPointExtension></extensions><src>gps</src></trkpt>
<trkpt lat="35.70233082398772" lon="139.97745690867305"><ele>35.0</ele><time>2025-10-06T01:33:22.000Z</time><extensions><gpxtpx:TrackPointExtension><gpxtpx:bearing>268.7</gpxtpx:bearing><gpxtpx:speed>26.24</gpxtpx:speed></gpxtpx:TrackPointExtension></extensions><src>gps</src></trkpt>
<trkpt lat="35.70229352451861" lon="139.97686070390046"><ele>35.0</ele><time>2025-10-06T01:33:24.000Z</time><extensions><gpxtpx:TrackPointExtension><gpxtpx:bearing>262.5</gpxtpx:bearing><gpxtpx:speed>26.24</gpxtpx:speed></gpxtpx:TrackPointExtension></extensions><src>gps</src></trkpt>
<trkpt lat="35.70221234578639" lon="139.9762907344848"><ele>34.0</ele><time>2025-10-06T01:33:26.000Z</time><extensions><gpxtpx:TrackPointExtension><gpxtpx:bearing>257.8</gpxtpx:bearing><gpxtpx:speed>26.48</gpxtpx:speed></gpxtpx:TrackPointExtension></extensions><src>gps</src></trkpt>
<trkpt lat="35.70210409350693" lon="139.97572084888816"><ele>33.0</ele><time>2025-10-06T01:33:28.000Z</time><extensions><gpxtpx:TrackPointExtension><gpxtpx:bearing>256.9</gpxtpx:bearing><gpxtpx:speed>25.81</gpxtpx:speed></gpxtpx:TrackPointExtension></extensions><src>gps</src></trkpt>
<trkpt lat="35.70192987564951" lon="139.97313117608428"><ele>30.0</ele><time>2025-10-06T01:33:37.000Z</time><extensions><gpxtpx:TrackPointExtension><gpxtpx:bearing>275.3</gpxtpx:bearing><gpxtpx:speed>26.16</gpxtpx:speed></gpxtpx:TrackPointExtension></extensions><src>gps</src></trkpt>
<trkpt lat="35.701973042450845" lon="139.97284149751067"><ele>30.0</ele><time>2025-10-06T01:33:38.000Z</time><extensions><gpxtpx:TrackPointExtension><gpxtpx:bearing>278.1</gpxtpx:bearing><gpxtpx:speed>26.05</gpxtpx:speed></gpxtpx:TrackPointExtension></extensions><src>gps</src></trkpt>
<trkpt lat="35.702102752402425" lon="139.97226658277214"><ele>32.0</ele><time>2025-10-06T01:33:40.000Z</time><extensions><gpxtpx:TrackPointExtension><gpxtpx:bearing>283.6</gpxtpx:bearing><gpxtpx:speed>25.98</gpxtpx:speed></gpxtpx:TrackPointExtension></extensions><src>gps</src></trkpt>
<trkpt lat="35.702232546173036" lon="139.9717133771628"><ele>34.0</ele><time>2025-10-06T01:33:42.000Z</time><extensions><gpxtpx:TrackPointExtension><gpxtpx:bearing>283.1</gpxtpx:bearing><gpxtpx:speed>25.96</gpxtpx:speed></gpxtpx:TrackPointExtension></extensions><src>gps</src></trkpt>
<trkpt lat="35.70234792307019" lon="139.97115204110742"><ele>36.0</ele><time>2025-10-06T01:33:44.000Z</time><extensions><gpxtpx:TrackPointExtension><gpxtpx:bearing>284.2</gpxtpx:bearing><gpxtpx:speed>25.769999</gpxtpx:speed></gpxtpx:TrackPointExtension></extensions><src>gps</src></trkpt>
<trkpt lat="35.702474573627114" lon="139.97060922905803"><ele>37.0</ele><time>2025-10-06T01:33:46.000Z</time><extensions><gpxtpx:TrackPointExtension><gpxtpx:bearing>285.9</gpxtpx:bearing><gpxtpx:speed>25.32</gpxtpx:speed></gpxtpx:TrackPointExtension></extensions><src>gps</src></trkpt>
<trkpt lat="35.702618532814085" lon="139.97005979530513"><ele>39.0</ele><time>2025-10-06T01:33:48.000Z</time><extensions><gpxtpx:TrackPointExtension><gpxtpx:bearing>288.3</gpxtpx:bearing><gpxtpx:speed>25.869999</gpxtpx:speed></gpxtpx:TrackPointExtension></extensions><src>gps</src></trkpt>
<trkpt lat="35.70279719308019" lon="139.9695078469813"><ele>39.0</ele><time>2025-10-06T01:33:50.000Z</time><extensions><gpxtpx:TrackPointExtension><gpxtpx:bearing>293.0</gpxtpx:bearing><gpxtpx:speed>26.97</gpxtpx:speed></gpxtpx:TrackPointExtension></extensions><src>gps</src></trkpt>
<trkpt lat="35.70302740205079" lon="139.9689533840865"><ele>39.0</ele><time>2025-10-06T01:33:52.000Z</time><extensions><gpxtpx:TrackPointExtension><gpxtpx:bearing>297.3</gpxtpx:bearing><gpxtpx:speed>28.22</gpxtpx:speed></gpxtpx:TrackPointExtension></extensions><src>gps</src></trkpt>
<trkpt lat="35.703274961560965" lon="139.96839581988752"><ele>39.0</ele><time>2025-10-06T01:33:54.000Z</time><extensions><gpxtpx:TrackPointExtension><gpxtpx:bearing>299.1</gpxtpx:bearing><gpxtpx:speed>28.8</gpxtpx:speed></gpxtpx:TrackPointExtension></extensions><src>gps</src></trkpt>
<trkpt lat="35.703542763367295" lon="139.9678222462535"><ele>37.0</ele><time>2025-10-06T01:33:56.000Z</time><extensions><gpxtpx:TrackPointExtension><gpxtpx:bearing>299.0</gpxtpx:bearing><gpxtpx:speed>29.529999</gpxtpx:speed></gpxtpx:TrackPointExtension></extensions><src>gps</src></trkpt>
<trkpt lat="35.70382452104241" lon="139.96723651885986"><ele>33.0</ele><time>2025-10-06T01:33:58.000Z</time><extensions><gpxtpx:TrackPointExtension><gpxtpx:bearing>297.8</gpxtpx:bearing><gpxtpx:speed>30.8</gpxtpx:speed></gpxtpx:TrackPointExtension></extensions><src>gps</src></trkpt>
<trkpt lat="35.70410284213722" lon="139.96663453057408"><ele>31.0</ele><time>2025-10-06T01:34:00.000Z</time><extensions><gpxtpx:TrackPointExtension><gpxtpx:bearing>299.6</gpxtpx:bearing><gpxtpx:speed>30.8</gpxtpx:speed></gpxtpx:TrackPointExtension></extensions><src>gps</src></trkpt>
<trkpt lat="35.70438497699797" lon="139.96603539213538"><ele>30.0</ele><time>2025-10-06T01:34:02.000Z</time><extensions><gpxtpx:TrackPointExtension><gpxtpx:bearing>299.0</gpxtpx:bearing><gpxtpx:speed>31.81</gpxtpx:speed></gpxtpx:TrackPointExtension></extensions><src>gps</src></trkpt>
<trkpt lat="35.70467595476657" lon="139.96541798114777"><ele>28.0</ele><time>2025-10-06T01:34:04.000Z</time><extensions><gpxtpx:TrackPointExtension><gpxtpx:bearing>299.8</gpxtpx:bearing><gpxtpx:speed>32.07</gpxtpx:speed></gpxtpx:TrackPointExtension></extensions><src>gps</src></trkpt>
<trkpt lat="35.70496240630746" lon="139.9647904280573"><ele>29.0</ele><time>2025-10-06T01:34:06.000Z</time><extensions><gpxtpx:TrackPointExtension><gpxtpx:bearing>299.2</gpxtpx:bearing><gpxtpx:speed>32.79</gpxtpx:speed></gpxtpx:TrackPointExtension></extensions><src>gps</src></trkpt>
<trkpt lat="35.70524680428207" lon="139.9641457758844"><ele>31.0</ele><time>2025-10-06T01:34:08.000Z</time><extensions><gpxtpx:TrackPointExtension><gpxtpx:bearing>299.3</gpxtpx:bearing><gpxtpx:speed>33.05</gpxtpx:speed></gpxtpx:TrackPointExtension></extensions><src>gps</src></trkpt>
<trkpt lat="35.70554100908339" lon="139.9635017104447"><ele>31.0</ele><time>2025-10-06T01:34:10.000Z</time><extensions><gpxtpx:TrackPointExtension><gpxtpx:bearing>299.9</gpxtpx:bearing><gpxtpx:speed>33.649998</gpxtpx:speed></gpxtpx:TrackPointExtension></extensions><src>gps</src></trkpt>
<trkpt lat="35.705845104530454" lon="139.96285387314856"><ele>32.0</ele><time>2025-10-06T01:34:12.000Z</time><extensions><gpxtpx:TrackPointExtension><gpxtpx:bearing>299.5</gpxtpx:bearing><gpxtpx:speed>34.13</gpxtpx:speed></gpxtpx:TrackPointExtension></extensions><src>gps</src></trkpt>
<trkpt lat="35.70615163072944" lon="139.9621972348541"><ele>33.0</ele><time>2025-10-06T01:34:14.000Z</time><extensions><gpxtpx:TrackPointExtension><gpxtpx:bearing>299.0</gpxtpx:bearing><gpxtpx:speed>34.309998</gpxtpx:speed></gpxtpx:TrackPointExtension></extensions><src>gps</src></trkpt>
<trkpt lat="35.70645945612341" lon="139.96152156963944"><ele>32.0</ele><time>2025-10-06T01:34:16.000Z</time><extensions><gpxtpx:TrackPointExtension><gpxtpx:bearing>299.0</gpxtpx:bearing><gpxtpx:speed>34.82</gpxtpx:speed></gpxtpx:TrackPointExtension></extensions><src>gps</src></trkpt>
<trkpt lat="35.70676656905562" lon="139.96084313839674"><ele>31.0</ele><time>2025-10-06T01:34:18.000Z</time><extensions><gpxtpx:TrackPointExtension><gpxtpx:bearing>298.7</gpxtpx:bearing><gpxtpx:speed>34.93</gpxtpx:speed></gpxtpx:TrackPointExtension></extensions><src>gps</src></trkpt>
<trkpt lat="35.706919874064624" lon="139.96050124056637"><ele>32.0</ele><time>2025-10-06T01:34:19.000Z</time><extensions><gpxtpx:TrackPointExtension><gpxtpx:bearing>298.9</gpxtpx:bearing><gpxtpx:speed>35.26</gpxtpx:speed></gpxtpx:TrackPointExtension></extensions><src>gps</src></trkpt>
<trkpt lat="35.70707221515477" lon="139.9601669702679"><ele>33.0</ele><time>2025-10-06T01:34:20.000Z</time><extensions><gpxtpx:TrackPointExtension><gpxtpx:bearing>298.9</gpxtpx:bearing><gpxtpx:speed>34.469997</gpxtpx:speed></gpxtpx:TrackPointExtension></extensions><src>gps</src></trkpt>
<trkpt lat="35.70722648408264" lon="139.9598318617791"><ele>33.0</ele><time>2025-10-06T01:34:21.000Z</time><extensions><gpxtpx:TrackPointExtension><gpxtpx:bearing>299.0</gpxtpx:bearing><gpxtpx:speed>34.87</gpxtpx:speed></gpxtpx:TrackPointExtension></extensions><src>gps</src></trkpt>
<trkpt lat="35.70737601723522" lon="139.95949926786125"><ele>33.0</ele><time>2025-10-06T01:34:22.000Z</time><extensions><gpxtpx:TrackPointExtension><gpxtpx:bearing>299.6</gpxtpx:bearing><gpxtpx:speed>34.07</gpxtpx:speed></gpxtpx:TrackPointExtension></extensions><src>gps</src></trkpt>
<trkpt lat="35.708139943890274" lon="139.95779723860323"><ele>33.0</ele><time>2025-10-06T01:34:27.000Z</time><extensions><gpxtpx:TrackPointExtension><gpxtpx:bearing>298.9</gpxtpx:bearing><gpxtpx:speed>34.53</gpxtpx:speed></gpxtpx:TrackPointExtension></extensions><src>gps</src></trkpt>
<trkpt lat="35.708296434022486" lon="139.95744477957487"><ele>33.0</ele><time>2025-10-06T01:34:28.000Z</time><extensions><gpxtpx:TrackPointExtension><gpxtpx:bearing>299.2</gpxtpx:bearing><gpxtpx:speed>34.829998</gpxtpx:speed></gpxtpx:TrackPointExtension></extensions><src>gps</src></trkpt>
<trkpt lat="35.7085808" lon="139.9576037"><ele>40.29999923706055</ele><time>2025-10-06T01:34:29.519Z</time><extensions><gpxtpx:TrackPointExtension></gpxtpx:TrackPointExtension></extensions><src>network</src></trkpt>
<trkpt lat="35.70937945973128" lon="139.95510287582874"><ele>37.0</ele><time>2025-10-06T01:34:35.000Z</time><extensions><gpxtpx:TrackPointExtension><gpxtpx:bearing>296.8</gpxtpx:bearing><gpxtpx:speed>34.59</gpxtpx:speed></gpxtpx:TrackPointExtension></extensions><src>gps</src></trkpt>
<trkpt lat="35.70951495319605" lon="139.95476039126515"><ele>37.0</ele><time>2025-10-06T01:34:36.000Z</time><extensions><gpxtpx:TrackPointExtension><gpxtpx:bearing>296.5</gpxtpx:bearing><gpxtpx:speed>34.239998</gpxtpx:speed></gpxtpx:TrackPointExtension></extensions><src>gps</src></trkpt>
<trkpt lat="35.70965660735965" lon="139.95442762970924"><ele>37.0</ele><time>2025-10-06T01:34:37.000Z</time><extensions><gpxtpx:TrackPointExtension><gpxtpx:bearing>296.5</gpxtpx:bearing><gpxtpx:speed>34.43</gpxtpx:speed></gpxtpx:TrackPointExtension></extensions><src>gps</src></trkpt>
<trkpt lat="35.70978811942041" lon="139.95409470051527"><ele>38.0</ele><time>2025-10-06T01:34:38.000Z</time><extensions><gpxtpx:TrackPointExtension><gpxtpx:bearing>296.6</gpxtpx:bearing><gpxtpx:speed>34.13</gpxtpx:speed></gpxtpx:TrackPointExtension></extensions><src>gps</src></trkpt>
<trkpt lat="35.70992734283209" lon="139.95375724509358"><ele>38.0</ele><time>2025-10-06T01:34:39.000Z</time><extensions><gpxtpx:TrackPointExtension><gpxtpx:bearing>297.0</gpxtpx:bearing><gpxtpx:speed>34.38</gpxtpx:speed></gpxtpx:TrackPointExtension></extensions><src>gps</src></trkpt>
<trkpt lat="35.71007390040904" lon="139.95341886766255"><ele>37.0</ele><time>2025-10-06T01:34:40.000Z</time><extensions><gpxtpx:TrackPointExtension><gpxtpx:bearing>297.1</gpxtpx:bearing><gpxtpx:speed>34.8</gpxtpx:speed></gpxtpx:TrackPointExtension></extensions><src>gps</src></trkpt>
<trkpt lat="35.710216644220054" lon="139.95308007113636"><ele>37.0</ele><time>2025-10-06T01:34:41.000Z</time><extensions><gpxtpx:TrackPointExtension><gpxtpx:bearing>297.2</gpxtpx:bearing><gpxtpx:speed>34.6</gpxtpx:speed></gpxtpx:TrackPointExtension></extensions><src>gps</src></trkpt>
<trkpt lat="35.710358591750264" lon="139.95274890214205"><ele>37.0</ele><time>2025-10-06T01:34:42.000Z</time><extensions><gpxtpx:TrackPointExtension><gpxtpx:bearing>296.9</gpxtpx:bearing><gpxtpx:speed>34.43</gpxtpx:speed></gpxtpx:TrackPointExtension></extensions><src>gps</src></trkpt>
<trkpt lat="35.71050045546144" lon="139.95240608230233"><ele>37.0</ele><time>2025-10-06T01:34:43.000Z</time><extensions><gpxtpx:TrackPointExtension><gpxtpx:bearing>296.8</gpxtpx:bearing><gpxtpx:speed>34.899998</gpxtpx:speed></gpxtpx:TrackPointExtension></extensions><src>gps</src></trkpt>
<trkpt lat="35.7106441212818" lon="139.95206343010068"><ele>38.0</ele><time>2025-10-06T01:34:44.000Z</time><extensions><gpxtpx:TrackPointExtension><gpxtpx:bearing>297.0</gpxtpx:bearing><gpxtpx:speed>34.91</gpxtpx:speed></gpxtpx:TrackPointExtension></extensions><src>gps</src></trkpt>
<trkpt lat="35.71079269051552" lon="139.95171616785228"><ele>39.0</ele><time>2025-10-06T01:34:45.000Z</time><extensions><gpxtpx:TrackPointExtension><gpxtpx:bearing>297.1</gpxtpx:bearing><gpxtpx:speed>35.35</gpxtpx:speed></gpxtpx:TrackPointExtension></extensions><src>gps</src></trkpt>
<trkpt lat="35.71094251703471" lon="139.95136613957584"><ele>40.0</ele><time>2025-10-06T01:34:46.000Z</time><extensions><gpxtpx:TrackPointExtension><gpxtpx:bearing>297.4</gpxtpx:bearing><gpxtpx:speed>35.7</gpxtpx:speed></gpxtpx:TrackPointExtension></extensions><src>gps</src></trkpt>
<trkpt lat="35.71109653450549" lon="139.95101485401392"><ele>40.0</ele><time>2025-10-06T01:34:47.000Z</time><extensions><gpxtpx:TrackPointExtension><gpxtpx:bearing>297.0</gpxtpx:bearing><gpxtpx:speed>35.98</gpxtpx:speed></gpxtpx:TrackPointExtension></extensions><src>gps</src></trkpt>
<trkpt lat="35.711245187558234" lon="139.95065409690142"><ele>40.0</ele><time>2025-10-06T01:34:48.000Z</time><extensions><gpxtpx:TrackPointExtension><gpxtpx:bearing>296.8</gpxtpx:bearing><gpxtpx:speed>35.719997</gpxtpx:speed></gpxtpx:TrackPointExtension></extensions><src>gps</src></trkpt>
<trkpt lat="35.711393086239696" lon="139.95030314661562"><ele>41.0</ele><time>2025-10-06T01:34:49.000Z</time><extensions><gpxtpx:TrackPointExtension><gpxtpx:bearing>297.1</gpxtpx:bearing><gpxtpx:speed>36.0</gpxtpx:speed></gpxtpx:TrackPointExtension></extensions><src>gps</src></trkpt>
<trkpt lat="35.711690434254706" lon="139.94959353469312"><ele>41.0</ele><time>2025-10-06T01:34:51.000Z</time><extensions><gpxtpx:TrackPointExtension><gpxtpx:bearing>296.8</gpxtpx:bearing><gpxtpx:speed>36.079998</gpxtpx:speed></gpxtpx:TrackPointExtension></extensions><src>gps</src></trkpt>
<trkpt lat="35.71198392659426" lon="139.9488870240748"><ele>42.0</ele><time>2025-10-06T01:34:53.000Z</time><extensions><gpxtpx:TrackPointExtension><gpxtpx:bearing>297.2</gpxtpx:bearing><gpxtpx:speed>35.739998</gpxtpx:speed></gpxtpx:TrackPointExtension></extensions><src>gps</src></trkpt>
<trkpt lat="35.712271383963525" lon="139.94818361476064"><ele>43.0</ele><time>2025-10-06T01:34:55.000Z</time><extensions><gpxtpx:TrackPointExtension><gpxtpx:bearing>297.4</gpxtpx:bearing><gpxtpx:speed>35.75</gpxtpx:speed></gpxtpx:TrackPointExtension></extensions><src>gps</src></trkpt>
<trkpt lat="35.712564582936466" lon="139.94748330675066"><ele>45.0</ele><time>2025-10-06T01:34:57.000Z</time><extensions><gpxtpx:TrackPointExtension><gpxtpx:bearing>297.0</gpxtpx:bearing><gpxtpx:speed>35.61</gpxtpx:speed></gpxtpx:TrackPointExtension></extensions><src>gps</src></trkpt>
<trkpt lat="35.7128511602059" lon="139.94676682166755"><ele>44.0</ele><time>2025-10-06T01:34:59.000Z</time><extensions><gpxtpx:TrackPointExtension><gpxtpx:bearing>296.9</gpxtpx:bearing><gpxtpx:speed>35.6</gpxtpx:speed></gpxtpx:TrackPointExtension></extensions><src>gps</src></trkpt>
<trkpt lat="35.713132875971496" lon="139.94606466963887"><ele>44.0</ele><time>2025-10-06T01:35:01.000Z</time><extensions><gpxtpx:TrackPointExtension><gpxtpx:bearing>296.9</gpxtpx:bearing><gpxtpx:speed>35.28</gpxtpx:speed></gpxtpx:TrackPointExtension></extensions><src>gps</src></trkpt>
<trkpt lat="35.71342125535011" lon="139.94537643156946"><ele>44.0</ele><time>2025-10-06T01:35:03.000Z</time><extensions><gpxtpx:TrackPointExtension><gpxtpx:bearing>297.5</gpxtpx:bearing><gpxtpx:speed>35.37</gpxtpx:speed></gpxtpx:TrackPointExtension></extensions><src>gps</src></trkpt>
<trkpt lat="35.71371244266629" lon="139.94467863813043"><ele>43.0</ele><time>2025-10-06T01:35:05.000Z</time><extensions><gpxtpx:TrackPointExtension><gpxtpx:bearing>296.8</gpxtpx:bearing><gpxtpx:speed>35.36</gpxtpx:speed></gpxtpx:TrackPointExtension></extensions><src>gps</src></trkpt>
<trkpt lat="35.71400342043489" lon="139.94398176670074"><ele>44.0</ele><time>2025-10-06T01:35:07.000Z</time><extensions><gpxtpx:TrackPointExtension><gpxtpx:bearing>296.9</gpxtpx:bearing><gpxtpx:speed>35.079998</gpxtpx:speed></gpxtpx:TrackPointExtension></extensions><src>gps</src></trkpt>
<trkpt lat="35.714281029067934" lon="139.94330065324903"><ele>44.0</ele><time>2025-10-06T01:35:09.000Z</time><extensions><gpxtpx:TrackPointExtension><gpxtpx:bearing>296.3</gpxtpx:bearing><gpxtpx:speed>34.82</gpxtpx:speed></gpxtpx:TrackPointExtension></extensions><src>gps</src></trkpt>
<trkpt lat="35.71456152945757" lon="139.94261509738863"><ele>46.0</ele><time>2025-10-06T01:35:11.000Z</time><extensions><gpxtpx:TrackPointExtension><gpxtpx:bearing>297.5</gpxtpx:bearing><gpxtpx:speed>34.92</gpxtpx:speed></gpxtpx:TrackPointExtension></extensions><src>gps</src></trkpt>
<trkpt lat="35.714848609641194" lon="139.94192149490118"><ele>47.0</ele><time>2025-10-06T01:35:13.000Z</time><extensions><gpxtpx:TrackPointExtension><gpxtpx:bearing>296.9</gpxtpx:bearing><gpxtpx:speed>35.39</gpxtpx:speed></gpxtpx:TrackPointExtension></extensions><src>gps</src></trkpt>
<trkpt lat="35.715142101980746" lon="139.94121716357768"><ele>48.0</ele><time>2025-10-06T01:35:15.000Z</time><extensions><gpxtpx:TrackPointExtension><gpxtpx:bearing>297.0</gpxtpx:bearing><gpxtpx:speed>35.82</gpxtpx:speed></gpxtpx:TrackPointExtension></extensions><src>gps</src></trkpt>
<trkpt lat="35.71543668396771" lon="139.94051509536803"><ele>48.0</ele><time>2025-10-06T01:35:17.000Z</time><extensions><gpxtpx:TrackPointExtension><gpxtpx:bearing>297.0</gpxtpx:bearing><gpxtpx:speed>35.62</gpxtpx:speed></gpxtpx:TrackPointExtension></extensions><src>gps</src></trkpt>
<trkpt lat="35.71572263259441" lon="139.93980732746422"><ele>48.0</ele><time>2025-10-06T01:35:19.000Z</time><extensions><gpxtpx:TrackPointExtension><gpxtpx:bearing>296.8</gpxtpx:bearing><gpxtpx:speed>35.51</gpxtpx:speed></gpxtpx:TrackPointExtension></extensions><src>gps</src></trkpt>
<trkpt lat="35.71601742412895" lon="139.93911950848997"><ele>49.0</ele><time>2025-10-06T01:35:21.000Z</time><extensions><gpxtpx:TrackPointExtension><gpxtpx:bearing>297.0</gpxtpx:bearing><gpxtpx:speed>35.39</gpxtpx:speed></gpxtpx:TrackPointExtension></extensions><src>gps</src></trkpt>
<trkpt lat="35.71630312129855" lon="139.9384258221835"><ele>48.0</ele><time>2025-10-06T01:35:23.000Z</time><extensions><gpxtpx:TrackPointExtension><gpxtpx:bearing>297.0</gpxtpx:bearing><gpxtpx:speed>35.28</gpxtpx:speed></gpxtpx:TrackPointExtension></extensions><src>gps</src></trkpt>
<trkpt lat="35.71659120731056" lon="139.93773884139955"><ele>48.0</ele><time>2025-10-06T01:35:25.000Z</time><extensions><gpxtpx:TrackPointExtension><gpxtpx:bearing>296.9</gpxtpx:bearing><gpxtpx:speed>35.05</gpxtpx:speed></gpxtpx:TrackPointExtension></extensions><src>gps</src></trkpt>
<trkpt lat="35.716885747388005" lon="139.93704297579825"><ele>47.0</ele><time>2025-10-06T01:35:27.000Z</time><extensions><gpxtpx:TrackPointExtension><gpxtpx:bearing>297.0</gpxtpx:bearing><gpxtpx:speed>35.29</gpxtpx:speed></gpxtpx:TrackPointExtension></extensions><src>gps</src></trkpt>
<trkpt lat="35.71717685088515" lon="139.9363549053669"><ele>48.0</ele><time>2025-10-06T01:35:29.000Z</time><extensions><gpxtpx:TrackPointExtension><gpxtpx:bearing>296.8</gpxtpx:bearing><gpxtpx:speed>34.89</gpxtpx:speed></gpxtpx:TrackPointExtension></extensions><src>gps</src></trkpt>
<trkpt lat="35.71746309287846" lon="139.9356571957469"><ele>47.0</ele><time>2025-10-06T01:35:31.000Z</time><extensions><gpxtpx:TrackPointExtension><gpxtpx:bearing>297.1</gpxtpx:bearing><gpxtpx:speed>35.04</gpxtpx:speed></gpxtpx:TrackPointExtension></extensions><src>gps</src></trkpt>
<trkpt lat="35.71774778421968" lon="139.93496677838266"><ele>46.0</ele><time>2025-10-06T01:35:33.000Z</time><extensions><gpxtpx:TrackPointExtension><gpxtpx:bearing>296.9</gpxtpx:bearing><gpxtpx:speed>34.809998</gpxtpx:speed></gpxtpx:TrackPointExtension></extensions><src>gps</src></trkpt>
<trkpt lat="35.718028703704476" lon="139.9342821445316"><ele>45.0</ele><time>2025-10-06T01:35:35.000Z</time><extensions><gpxtpx:TrackPointExtension><gpxtpx:bearing>297.0</gpxtpx:bearing><gpxtpx:speed>34.64</gpxtpx:speed></gpxtpx:TrackPointExtension></extensions><src>gps</src></trkpt>
<trkpt lat="35.718309874646366" lon="139.9336005281657"><ele>45.0</ele><time>2025-10-06T01:35:37.000Z</time><extensions><gpxtpx:TrackPointExtension><gpxtpx:bearing>296.7</gpxtpx:bearing><gpxtpx:speed>34.67</gpxtpx:speed></gpxtpx:TrackPointExtension></extensions><src>gps</src></trkpt>
<trkpt lat="35.71859615854919" lon="139.93290566839278"><ele>44.0</ele><time>2025-10-06T01:35:39.000Z</time><extensions><gpxtpx:TrackPointExtension><gpxtpx:bearing>296.9</gpxtpx:bearing><gpxtpx:speed>35.09</gpxtpx:speed></gpxtpx:TrackPointExtension></extensions><src>gps</src></trkpt>
<trkpt lat="35.71888554375619" lon="139.93220544420183"><ele>44.0</ele><time>2025-10-06T01:35:41.000Z</time><extensions><gpxtpx:TrackPointExtension><gpxtpx:bearing>296.8</gpxtpx:bearing><gpxtpx:speed>35.78</gpxtpx:speed></gpxtpx:TrackPointExtension></extensions><src>gps</src></trkpt>
<trkpt lat="35.71918310131878" lon="139.93151226080954"><ele>45.0</ele><time>2025-10-06T01:35:43.000Z</time><extensions><gpxtpx:TrackPointExtension><gpxtpx:bearing>297.0</gpxtpx:bearing><gpxtpx:speed>35.559998</gpxtpx:speed></gpxtpx:TrackPointExtension></extensions><src>gps</src></trkpt>
<trkpt lat="35.71948334109038" lon="139.9308165628463"><ele>44.0</ele><time>2025-10-06T01:35:45.000Z</time><extensions><gpxtpx:TrackPointExtension><gpxtpx:bearing>296.8</gpxtpx:bearing><gpxtpx:speed>35.32</gpxtpx:speed></gpxtpx:TrackPointExtension></extensions><src>gps</src></trkpt>
<trkpt lat="35.71977561805397" lon="139.93011055514216"><ele>44.0</ele><time>2025-10-06T01:35:47.000Z</time><extensions><gpxtpx:TrackPointExtension><gpxtpx:bearing>296.8</gpxtpx:bearing><gpxtpx:speed>35.23</gpxtpx:speed></gpxtpx:TrackPointExtension></extensions><src>gps</src></trkpt>
<trkpt lat="35.72006127331406" lon="139.92942315526307"><ele>45.0</ele><time>2025-10-06T01:35:49.000Z</time><extensions><gpxtpx:TrackPointExtension><gpxtpx:bearing>296.7</gpxtpx:bearing><gpxtpx:speed>34.98</gpxtpx:speed></gpxtpx:TrackPointExtension></extensions><src>gps</src></trkpt>
<trkpt lat="35.72034609038383" lon="139.92874070070684"><ele>46.0</ele><time>2025-10-06T01:35:51.000Z</time><extensions><gpxtpx:TrackPointExtension><gpxtpx:bearing>297.6</gpxtpx:bearing><gpxtpx:speed>34.489998</gpxtpx:speed></gpxtpx:TrackPointExtension></extensions><src>gps</src></trkpt>
<trkpt lat="35.72063451167196" lon="139.92806394584477"><ele>47.0</ele><time>2025-10-06T01:35:53.000Z</time><extensions><gpxtpx:TrackPointExtension><gpxtpx:bearing>297.6</gpxtpx:bearing><gpxtpx:speed>34.62</gpxtpx:speed></gpxtpx:TrackPointExtension></extensions><src>gps</src></trkpt>
<trkpt lat="35.72092842310667" lon="139.92739205248654"><ele>48.0</ele><time>2025-10-06T01:35:55.000Z</time><extensions><gpxtpx:TrackPointExtension><gpxtpx:bearing>297.1</gpxtpx:bearing><gpxtpx:speed>34.739998</gpxtpx:speed></gpxtpx:TrackPointExtension></extensions><src>gps</src></trkpt>
<trkpt lat="35.721203768625855" lon="139.92672233842313"><ele>49.0</ele><time>2025-10-06T01:35:57.000Z</time><extensions><gpxtpx:TrackPointExtension><gpxtpx:bearing>295.8</gpxtpx:bearing><gpxtpx:speed>34.05</gpxtpx:speed></gpxtpx:TrackPointExtension></extensions><src>gps</src></trkpt>
<trkpt lat="35.721463188529015" lon="139.92604600265622"><ele>50.0</ele><time>2025-10-06T01:35:59.000Z</time><extensions><gpxtpx:TrackPointExtension><gpxtpx:bearing>295.2</gpxtpx:bearing><gpxtpx:speed>33.96</gpxtpx:speed></gpxtpx:TrackPointExtension></extensions><src>gps</src></trkpt>
<trkpt lat="35.72230653371662" lon="139.92401297204196"><ele>48.0</ele><time>2025-10-06T01:36:05.000Z</time><extensions><gpxtpx:TrackPointExtension><gpxtpx:bearing>297.4</gpxtpx:bearing><gpxtpx:speed>34.63</gpxtpx:speed></gpxtpx:TrackPointExtension></extensions><geoidheight>39.4</geoidheight><src>gps</src><sat>38</sat><hdop>0.4</hdop><vdop>0.6</vdop><pdop>0.8</pdop></trkpt>
<trkpt lat="35.722450744360685" lon="139.92367677390575"><ele>48.0</ele><time>2025-10-06T01:36:06.000Z</time><extensions><gpxtpx:TrackPointExtension><gpxtpx:bearing>296.8</gpxtpx:bearing><gpxtpx:speed>34.1</gpxtpx:speed></gpxtpx:TrackPointExtension></extensions><src>gps</src></trkpt>
<trkpt lat="35.72273405268788" lon="139.92300689220428"><ele>48.0</ele><time>2025-10-06T01:36:08.000Z</time><extensions><gpxtpx:TrackPointExtension><gpxtpx:bearing>296.7</gpxtpx:bearing><gpxtpx:speed>33.96</gpxtpx:speed></gpxtpx:TrackPointExtension></extensions><src>gps</src></trkpt>
<trkpt lat="35.72302800603211" lon="139.92233122698963"><ele>49.0</ele><time>2025-10-06T01:36:10.000Z</time><extensions><gpxtpx:TrackPointExtension><gpxtpx:bearing>296.5</gpxtpx:bearing><gpxtpx:speed>34.149998</gpxtpx:speed></gpxtpx:TrackPointExtension></extensions><src>gps</src></trkpt>
<trkpt lat="35.72332120500505" lon="139.92165916599333"><ele>49.0</ele><time>2025-10-06T01:36:12.000Z</time><extensions><gpxtpx:TrackPointExtension><gpxtpx:bearing>297.1</gpxtpx:bearing><gpxtpx:speed>34.36</gpxtpx:speed></gpxtpx:TrackPointExtension></extensions><src>gps</src></trkpt>
<trkpt lat="35.72360681835562" lon="139.9209845904261"><ele>49.0</ele><time>2025-10-06T01:36:14.000Z</time><extensions><gpxtpx:TrackPointExtension><gpxtpx:bearing>297.0</gpxtpx:bearing><gpxtpx:speed>34.48</gpxtpx:speed></gpxtpx:TrackPointExtension></extensions><src>gps</src></trkpt>
<trkpt lat="35.72389230597764" lon="139.92029501125216"><ele>49.0</ele><time>2025-10-06T01:36:16.000Z</time><extensions><gpxtpx:TrackPointExtension><gpxtpx:bearing>297.0</gpxtpx:bearing><gpxtpx:speed>34.94</gpxtpx:speed></gpxtpx:TrackPointExtension></extensions><src>gps</src></trkpt>
<trkpt lat="35.72417955379933" lon="139.91961104795337"><ele>49.0</ele><time>2025-10-06T01:36:18.000Z</time><extensions><gpxtpx:TrackPointExtension><gpxtpx:bearing>296.9</gpxtpx:bearing><gpxtpx:speed>35.34</gpxtpx:speed></gpxtpx:TrackPointExtension></extensions><src>gps</src></trkpt>
<trkpt lat="35.7244643708691" lon="139.91891602054238"><ele>49.0</ele><time>2025-10-06T01:36:20.000Z</time><extensions><gpxtpx:TrackPointExtension><gpxtpx:bearing>296.8</gpxtpx:bearing><gpxtpx:speed>35.34</gpxtpx:speed></gpxtpx:TrackPointExtension></extensions><src>gps</src></trkpt>
<trkpt lat="35.72475425899029" lon="139.91822359152138"><ele>50.0</ele><time>2025-10-06T01:36:22.000Z</time><extensions><gpxtpx:TrackPointExtension><gpxtpx:bearing>297.0</gpxtpx:bearing><gpxtpx:speed>35.469997</gpxtpx:speed></gpxtpx:TrackPointExtension></extensions><src>gps</src></trkpt>
<trkpt lat="35.72504381183535" lon="139.91752454079688"><ele>49.0</ele><time>2025-10-06T01:36:24.000Z</time><extensions><gpxtpx:TrackPointExtension><gpxtpx:bearing>296.4</gpxtpx:bearing><gpxtpx:speed>35.079998</gpxtpx:speed></gpxtpx:TrackPointExtension></extensions><src>gps</src></trkpt>
<trkpt lat="35.72532829362899" lon="139.91683571599424"><ele>49.0</ele><time>2025-10-06T01:36:26.000Z</time><extensions><gpxtpx:TrackPointExtension><gpxtpx:bearing>296.8</gpxtpx:bearing><gpxtpx:speed>35.13</gpxtpx:speed></gpxtpx:TrackPointExtension></extensions><src>gps</src></trkpt>
<trkpt lat="35.72561663109809" lon="139.91614655591547"><ele>49.0</ele><time>2025-10-06T01:36:28.000Z</time><extensions><gpxtpx:TrackPointExtension><gpxtpx:bearing>297.0</gpxtpx:bearing><gpxtpx:speed>35.01</gpxtpx:speed></gpxtpx:TrackPointExtension></extensions><src>gps</src></trkpt>
<trkpt lat="35.72590693831444" lon="139.91546192206442"><ele>50.0</ele><time>2025-10-06T01:36:30.000Z</time><extensions><gpxtpx:TrackPointExtension><gpxtpx:bearing>296.9</gpxtpx:bearing><gpxtpx:speed>34.77</gpxtpx:speed></gpxtpx:TrackPointExtension></extensions><src>gps</src></trkpt>
<trkpt lat="35.72618534322828" lon="139.9147760309279"><ele>50.0</ele><time>2025-10-06T01:36:32.000Z</time><extensions><gpxtpx:TrackPointExtension><gpxtpx:bearing>296.9</gpxtpx:bearing><gpxtpx:speed>34.719997</gpxtpx:speed></gpxtpx:TrackPointExtension></extensions><src>gps</src></trkpt>
<trkpt lat="35.72646408341825" lon="139.91408955305815"><ele>50.0</ele><time>2025-10-06T01:36:34.000Z</time><extensions><gpxtpx:TrackPointExtension><gpxtpx:bearing>297.0</gpxtpx:bearing><gpxtpx:speed>34.42</gpxtpx:speed></gpxtpx:TrackPointExtension></extensions><src>gps</src></trkpt>
<trkpt lat="35.72674009948969" lon="139.9134054221213"><ele>50.0</ele><time>2025-10-06T01:36:36.000Z</time><extensions><gpxtpx:TrackPointExtension><gpxtpx:bearing>296.9</gpxtpx:bearing><gpxtpx:speed>34.18</gpxtpx:speed></gpxtpx:TrackPointExtension></extensions><src>gps</src></trkpt>
<trkpt lat="35.727021396160126" lon="139.91272791288793"><ele>50.0</ele><time>2025-10-06T01:36:38.000Z</time><extensions><gpxtpx:TrackPointExtension><gpxtpx:bearing>296.9</gpxtpx:bearing><gpxtpx:speed>33.98</gpxtpx:speed></gpxtpx:TrackPointExtension></extensions><src>gps</src></trkpt>
<trkpt lat="35.72729636449367" lon="139.91205040365458"><ele>50.0</ele><time>2025-10-06T01:36:40.000Z</time><extensions><gpxtpx:TrackPointExtension><gpxtpx:bearing>295.4</gpxtpx:bearing><gpxtpx:speed>33.92</gpxtpx:speed></gpxtpx:TrackPointExtension></extensions><src>gps</src></trkpt>
<trkpt lat="35.727549036964774" lon="139.91136032156646"><ele>50.0</ele><time>2025-10-06T01:36:42.000Z</time><extensions><gpxtpx:TrackPointExtension><gpxtpx:bearing>294.3</gpxtpx:bearing><gpxtpx:speed>34.03</gpxtpx:speed></gpxtpx:TrackPointExtension></extensions><src>gps</src></trkpt>
<trkpt lat="35.727797015570104" lon="139.91067216731608"><ele>50.0</ele><time>2025-10-06T01:36:44.000Z</time><extensions><gpxtpx:TrackPointExtension><gpxtpx:bearing>295.0</gpxtpx:bearing><gpxtpx:speed>34.29</gpxtpx:speed></gpxtpx:TrackPointExtension></extensions><src>gps</src></trkpt>
<trkpt lat="35.72805333416909" lon="139.90998887456954"><ele>49.0</ele><time>2025-10-06T01:36:46.000Z</time><extensions><gpxtpx:TrackPointExtension><gpxtpx:bearing>295.5</gpxtpx:bearing><gpxtpx:speed>34.489998</gpxtpx:speed></gpxtpx:TrackPointExtension></extensions><src>gps</src></trkpt>
<trkpt lat="35.72832415346056" lon="139.9092894885689"><ele>47.0</ele><time>2025-10-06T01:36:48.000Z</time><extensions><gpxtpx:TrackPointExtension><gpxtpx:bearing>297.3</gpxtpx:bearing><gpxtpx:speed>34.75</gpxtpx:speed></gpxtpx:TrackPointExtension></extensions><src>gps</src></trkpt>
<trkpt lat="35.72861856780946" lon="139.90860619582236"><ele>48.0</ele><time>2025-10-06T01:36:50.000Z</time><extensions><gpxtpx:TrackPointExtension><gpxtpx:bearing>298.6</gpxtpx:bearing><gpxtpx:speed>34.829998</gpxtpx:speed></gpxtpx:TrackPointExtension></extensions><src>gps</src></trkpt>
<trkpt lat="35.73044360149652" lon="139.9045011587441"><ele>45.0</ele><time>2025-10-06T01:37:02.000Z</time><extensions><gpxtpx:TrackPointExtension><gpxtpx:bearing>298.5</gpxtpx:bearing><gpxtpx:speed>34.57</gpxtpx:speed></gpxtpx:TrackPointExtension></extensions><geoidheight>39.4</geoidheight><src>gps</src><sat>34</sat><hdop>0.4</hdop><vdop>1.0</vdop><pdop>1.0</pdop></trkpt>
<trkpt lat="35.73058990761638" lon="139.90415557287633"><ele>44.0</ele><time>2025-10-06T01:37:03.000Z</time><extensions><gpxtpx:TrackPointExtension><gpxtpx:bearing>297.1</gpxtpx:bearing><gpxtpx:speed>35.86</gpxtpx:speed></gpxtpx:TrackPointExtension></extensions><src>gps</src></trkpt>
<trkpt lat="35.73088453151286" lon="139.90344839170575"><ele>42.0</ele><time>2025-10-06T01:37:05.000Z</time><extensions><gpxtpx:TrackPointExtension><gpxtpx:bearing>296.8</gpxtpx:bearing><gpxtpx:speed>35.17</gpxtpx:speed></gpxtpx:TrackPointExtension></extensions><src>gps</src></trkpt>
<trkpt lat="35.73116616345942" lon="139.9027465749532"><ele>42.0</ele><time>2025-10-06T01:37:07.000Z</time><extensions><gpxtpx:TrackPointExtension><gpxtpx:bearing>293.9</gpxtpx:bearing><gpxtpx:speed>35.04</gpxtpx:speed></gpxtpx:TrackPointExtension></extensions><src>gps</src></trkpt>
<trkpt lat="35.73141363915056" lon="139.90201986394823"><ele>42.0</ele><time>2025-10-06T01:37:09.000Z</time><extensions><gpxtpx:TrackPointExtension><gpxtpx:bearing>292.0</gpxtpx:bearing><gpxtpx:speed>35.11</gpxtpx:speed></gpxtpx:TrackPointExtension></extensions><src>gps</src></trkpt>
<trkpt lat="35.73164917062968" lon="139.90130312740803"><ele>44.0</ele><time>2025-10-06T01:37:11.000Z</time><extensions><gpxtpx:TrackPointExtension><gpxtpx:bearing>292.3</gpxtpx:bearing><gpxtpx:speed>35.21</gpxtpx:speed></gpxtpx:TrackPointExtension></extensions><src>gps</src></trkpt>
<trkpt lat="35.73190838098526" lon="139.90058370865881"><ele>44.0</ele><time>2025-10-06T01:37:13.000Z</time><extensions><gpxtpx:TrackPointExtension><gpxtpx:bearing>294.1</gpxtpx:bearing><gpxtpx:speed>35.19</gpxtpx:speed></gpxtpx:TrackPointExtension></extensions><src>gps</src></trkpt>
<trkpt lat="35.73219256941229" lon="139.89988323301077"><ele>43.0</ele><time>2025-10-06T01:37:15.000Z</time><extensions><gpxtpx:TrackPointExtension><gpxtpx:bearing>297.1</gpxtpx:bearing><gpxtpx:speed>35.17</gpxtpx:speed></gpxtpx:TrackPointExtension></extensions><src>gps</src></trkpt>
<trkpt lat="35.732483924366534" lon="139.89919742569327"><ele>43.0</ele><time>2025-10-06T01:37:17.000Z</time><extensions><gpxtpx:TrackPointExtension><gpxtpx:bearing>296.6</gpxtpx:bearing><gpxtpx:speed>35.02</gpxtpx:speed></gpxtpx:TrackPointExtension></extensions><src>gps</src></trkpt>
<trkpt lat="35.732772345654666" lon="139.89851471967995"><ele>43.0</ele><time>2025-10-06T01:37:19.000Z</time><extensions><gpxtpx:TrackPointExtension><gpxtpx:bearing>296.7</gpxtpx:bearing><gpxtpx:speed>34.62</gpxtpx:speed></gpxtpx:TrackPointExtension></extensions><src>gps</src></trkpt>
<trkpt lat="35.733068101108074" lon="139.8978335224092"><ele>44.0</ele><time>2025-10-06T01:37:21.000Z</time><extensions><gpxtpx:TrackPointExtension><gpxtpx:bearing>297.3</gpxtpx:bearing><gpxtpx:speed>34.809998</gpxtpx:speed></gpxtpx:TrackPointExtension></extensions><src>gps</src></trkpt>
<trkpt lat="35.733362599276006" lon="139.89715517498553"><ele>45.0</ele><time>2025-10-06T01:37:23.000Z</time><extensions><gpxtpx:TrackPointExtension><gpxtpx:bearing>297.4</gpxtpx:bearing><gpxtpx:speed>34.54</gpxtpx:speed></gpxtpx:TrackPointExtension></extensions><src>gps</src></trkpt>
<trkpt lat="35.733651565387845" lon="139.89647179841995"><ele>46.0</ele><time>2025-10-06T01:37:25.000Z</time><extensions><gpxtpx:TrackPointExtension><gpxtpx:bearing>297.1</gpxtpx:bearing><gpxtpx:speed>34.51</gpxtpx:speed></gpxtpx:TrackPointExtension></extensions><src>gps</src></trkpt>
<trkpt lat="35.7339363405481" lon="139.89580401219428"><ele>47.0</ele><time>2025-10-06T01:37:27.000Z</time><extensions><gpxtpx:TrackPointExtension><gpxtpx:bearing>296.9</gpxtpx:bearing><gpxtpx:speed>34.01</gpxtpx:speed></gpxtpx:TrackPointExtension></extensions><src>gps</src></trkpt>
<trkpt lat="35.73421801440418" lon="139.89513035863638"><ele>47.0</ele><time>2025-10-06T01:37:29.000Z</time><extensions><gpxtpx:TrackPointExtension><gpxtpx:bearing>297.9</gpxtpx:bearing><gpxtpx:speed>34.059998</gpxtpx:speed></gpxtpx:TrackPointExtension></extensions><src>gps</src></trkpt>
<trkpt lat="35.734518212266266" lon="139.8944701999426"><ele>45.0</ele><time>2025-10-06T01:37:31.000Z</time><extensions><gpxtpx:TrackPointExtension><gpxtpx:bearing>300.0</gpxtpx:bearing><gpxtpx:speed>33.399998</gpxtpx:speed></gpxtpx:TrackPointExtension></extensions><src>gps</src></trkpt>
<trkpt lat="35.734828007407486" lon="139.89383979700506"><ele>44.0</ele><time>2025-10-06T01:37:33.000Z</time><extensions><gpxtpx:TrackPointExtension><gpxtpx:bearing>300.7</gpxtpx:bearing><gpxtpx:speed>32.93</gpxtpx:speed></gpxtpx:TrackPointExtension></extensions><src>gps</src></trkpt>
<trkpt lat="35.73512267321348" lon="139.89320042543113"><ele>44.0</ele><time>2025-10-06T01:37:35.000Z</time><extensions><gpxtpx:TrackPointExtension><gpxtpx:bearing>298.8</gpxtpx:bearing><gpxtpx:speed>33.18</gpxtpx:speed></gpxtpx:TrackPointExtension></extensions><src>gps</src></trkpt>
<trkpt lat="35.73538687080145" lon="139.89255166612566"><ele>46.0</ele><time>2025-10-06T01:37:37.000Z</time><extensions><gpxtpx:TrackPointExtension><gpxtpx:bearing>293.2</gpxtpx:bearing><gpxtpx:speed>32.559998</gpxtpx:speed></gpxtpx:TrackPointExtension></extensions><src>gps</src></trkpt>
<trkpt lat="35.735603836365044" lon="139.89187340252101"><ele>46.0</ele><time>2025-10-06T01:37:39.000Z</time><extensions><gpxtpx:TrackPointExtension><gpxtpx:bearing>289.5</gpxtpx:bearing><gpxtpx:speed>33.04</gpxtpx:speed></gpxtpx:TrackPointExtension></extensions><src>gps</src></trkpt>
<trkpt lat="35.735776126384735" lon="139.89118684083223"><ele>45.0</ele><time>2025-10-06T01:37:41.000Z</time><extensions><gpxtpx:TrackPointExtension><gpxtpx:bearing>284.4</gpxtpx:bearing><gpxtpx:speed>32.55</gpxtpx:speed></gpxtpx:TrackPointExtension></extensions><src>gps</src></trkpt>
<trkpt lat="35.7359031541273" lon="139.89048385061324"><ele>45.0</ele><time>2025-10-06T01:37:43.000Z</time><extensions><gpxtpx:TrackPointExtension><gpxtpx:bearing>281.4</gpxtpx:bearing><gpxtpx:speed>33.079998</gpxtpx:speed></gpxtpx:TrackPointExtension></extensions><src>gps</src></trkpt>
<trkpt lat="35.73597217909992" lon="139.88975797779858"><ele>44.0</ele><time>2025-10-06T01:37:45.000Z</time><extensions><gpxtpx:TrackPointExtension><gpxtpx:bearing>276.3</gpxtpx:bearing><gpxtpx:speed>33.079998</gpxtpx:speed></gpxtpx:TrackPointExtension></extensions><src>gps</src></trkpt>
<trkpt lat="35.735998707823455" lon="139.88903939723969"><ele>43.0</ele><time>2025-10-06T01:37:47.000Z</time><extensions><gpxtpx:TrackPointExtension><gpxtpx:bearing>271.1</gpxtpx:bearing><gpxtpx:speed>32.469997</gpxtpx:speed></gpxtpx:TrackPointExtension></extensions><src>gps</src></trkpt>
<trkpt lat="35.7359628751874" lon="139.88832282833755"><ele>43.0</ele><time>2025-10-06T01:37:49.000Z</time><extensions><gpxtpx:TrackPointExtension><gpxtpx:bearing>266.6</gpxtpx:bearing><gpxtpx:speed>32.66</gpxtpx:speed></gpxtpx:TrackPointExtension></extensions><src>gps</src></trkpt>
<trkpt lat="35.73588219936937" lon="139.88762293942273"><ele>44.0</ele><time>2025-10-06T01:37:51.000Z</time><extensions><gpxtpx:TrackPointExtension><gpxtpx:bearing>261.5</gpxtpx:bearing><gpxtpx:speed>32.28</gpxtpx:speed></gpxtpx:TrackPointExtension></extensions><src>gps</src></trkpt>
<trkpt lat="35.735759027302265" lon="139.88694190979004"><ele>46.0</ele><time>2025-10-06T01:37:53.000Z</time><extensions><gpxtpx:TrackPointExtension><gpxtpx:bearing>256.4</gpxtpx:bearing><gpxtpx:speed>31.57</gpxtpx:speed></gpxtpx:TrackPointExtension></extensions><src>gps</src></trkpt>
<trkpt lat="35.735601196065545" lon="139.88628066144884"><ele>48.0</ele><time>2025-10-06T01:37:55.000Z</time><extensions><gpxtpx:TrackPointExtension><gpxtpx:bearing>252.8</gpxtpx:bearing><gpxtpx:speed>30.99</gpxtpx:speed></gpxtpx:TrackPointExtension></extensions><src>gps</src></trkpt>
<trkpt lat="35.735399150289595" lon="139.88563399761915"><ele>49.0</ele><time>2025-10-06T01:37:57.000Z</time><extensions><gpxtpx:TrackPointExtension><gpxtpx:bearing>247.8</gpxtpx:bearing><gpxtpx:speed>30.9</gpxtpx:speed></gpxtpx:TrackPointExtension></extensions><src>gps</src></trkpt>
<trkpt lat="35.735171204432845" lon="139.88501432351768"><ele>49.0</ele><time>2025-10-06T01:37:59.000Z</time><extensions><gpxtpx:TrackPointExtension><gpxtpx:bearing>243.9</gpxtpx:bearing><gpxtpx:speed>30.84</gpxtpx:speed></gpxtpx:TrackPointExtension></extensions><src>gps</src></trkpt>
<trkpt lat="35.734897325746715" lon="139.88440948538482"><ele>49.0</ele><time>2025-10-06T01:38:01.000Z</time><extensions><gpxtpx:TrackPointExtension><gpxtpx:bearing>239.9</gpxtpx:bearing><gpxtpx:speed>31.33</gpxtpx:speed></gpxtpx:TrackPointExtension></extensions><src>gps</src></trkpt>
<trkpt lat="35.7345891231671" lon="139.88383482210338"><ele>48.0</ele><time>2025-10-06T01:38:03.000Z</time><extensions><gpxtpx:TrackPointExtension><gpxtpx:bearing>234.8</gpxtpx:bearing><gpxtpx:speed>31.179998</gpxtpx:speed></gpxtpx:TrackPointExtension></extensions><src>gps</src></trkpt>
<trkpt lat="35.73426369577646" lon="139.88327356986701"><ele>49.0</ele><time>2025-10-06T01:38:05.000Z</time><extensions><gpxtpx:TrackPointExtension><gpxtpx:bearing>235.2</gpxtpx:bearing><gpxtpx:speed>31.55</gpxtpx:speed></gpxtpx:TrackPointExtension></extensions><src>gps</src></trkpt>
<trkpt lat="35.73393458034843" lon="139.88271818496287"><ele>49.0</ele><time>2025-10-06T01:38:07.000Z</time><extensions><gpxtpx:TrackPointExtension><gpxtpx:bearing>234.3</gpxtpx:bearing><gpxtpx:speed>30.91</gpxtpx:speed></gpxtpx:TrackPointExtension></extensions><src>gps</src></trkpt>
<trkpt lat="35.733600771054626" lon="139.88216053694487"><ele>47.0</ele><time>2025-10-06T01:38:09.000Z</time><extensions><gpxtpx:TrackPointExtension><gpxtpx:bearing>232.8</gpxtpx:bearing><gpxtpx:speed>31.019999</gpxtpx:speed></gpxtpx:TrackPointExtension></extensions><src>gps</src></trkpt>
<trkpt lat="35.731390211731195" lon="139.8791406210512"><ele>43.0</ele><time>2025-10-06T01:38:20.000Z</time><extensions><gpxtpx:TrackPointExtension><gpxtpx:bearing>229.5</gpxtpx:bearing><gpxtpx:speed>33.32</gpxtpx:speed></gpxtpx:TrackPointExtension></extensions><geoidheight>39.4</geoidheight><src>gps</src><sat>32</sat><hdop>0.4</hdop><vdop>0.6</vdop><pdop>0.8</pdop></trkpt>
<trkpt lat="35.731195458211005" lon="139.87885991111398"><ele>43.0</ele><time>2025-10-06T01:38:21.000Z</time><extensions><gpxtpx:TrackPointExtension><gpxtpx:bearing>229.6</gpxtpx:bearing><gpxtpx:speed>33.1</gpxtpx:speed></gpxtpx:TrackPointExtension></extensions><src>gps</src></trkpt>
<trkpt lat="35.730815045535564" lon="139.87830402329564"><ele>42.0</ele><time>2025-10-06T01:38:23.000Z</time><extensions><gpxtpx:TrackPointExtension><gpxtpx:bearing>229.7</gpxtpx:bearing><gpxtpx:speed>33.04</gpxtpx:speed></gpxtpx:TrackPointExtension></extensions><src>gps</src></trkpt>
<trkpt lat="35.73043065145612" lon="139.87774084322155"><ele>42.0</ele><time>2025-10-06T01:38:25.000Z</time><extensions><gpxtpx:TrackPointExtension><gpxtpx:bearing>229.8</gpxtpx:bearing><gpxtpx:speed>33.41</gpxtpx:speed></gpxtpx:TrackPointExtension></extensions><src>gps</src></trkpt>
<trkpt lat="35.730041144415736" lon="139.87717263400555"><ele>43.0</ele><time>2025-10-06T01:38:27.000Z</time><extensions><gpxtpx:TrackPointExtension><gpxtpx:bearing>229.5</gpxtpx:bearing><gpxtpx:speed>33.489998</gpxtpx:speed></gpxtpx:TrackPointExtension></extensions><src>gps</src></trkpt>
<trkpt lat="35.729644135572016" lon="139.876602999866"><ele>43.0</ele><time>2025-10-06T01:38:29.000Z</time><extensions><gpxtpx:TrackPointExtension><gpxtpx:bearing>230.1</gpxtpx:bearing><gpxtpx:speed>33.739998</gpxtpx:speed></gpxtpx:TrackPointExtension></extensions><src>gps</src></trkpt>
<trkpt lat="35.729249767027795" lon="139.8760286718607"><ele>43.0</ele><time>2025-10-06T01:38:31.000Z</time><extensions><gpxtpx:TrackPointExtension><gpxtpx:bearing>229.8</gpxtpx:bearing><gpxtpx:speed>33.96</gpxtpx:speed></gpxtpx:TrackPointExtension></extensions><src>gps</src></trkpt>
<trkpt lat="35.728852758184075" lon="139.87544721923769"><ele>43.0</ele><time>2025-10-06T01:38:33.000Z</time><extensions><gpxtpx:TrackPointExtension><gpxtpx:bearing>230.2</gpxtpx:bearing><gpxtpx:speed>34.01</gpxtpx:speed></gpxtpx:TrackPointExtension></extensions><src>gps</src></trkpt>
<trkpt lat="35.728463125415146" lon="139.87486987374723"><ele>43.0</ele><time>2025-10-06T01:38:35.000Z</time><extensions><gpxtpx:TrackPointExtension><gpxtpx:bearing>230.2</gpxtpx:bearing><gpxtpx:speed>33.579998</gpxtpx:speed></gpxtpx:TrackPointExtension></extensions><src>gps</src></trkpt>
<trkpt lat="35.728067541494966" lon="139.8742905166"><ele>42.0</ele><time>2025-10-06T01:38:37.000Z</time><extensions><gpxtpx:TrackPointExtension><gpxtpx:bearing>230.1</gpxtpx:bearing><gpxtpx:speed>34.38</gpxtpx:speed></gpxtpx:TrackPointExtension></extensions><src>gps</src></trkpt>
<trkpt lat="35.727663869038224" lon="139.8737209662795"><ele>40.0</ele><time>2025-10-06T01:38:39.000Z</time><extensions><gpxtpx:TrackPointExtension><gpxtpx:bearing>228.3</gpxtpx:bearing><gpxtpx:speed>33.95</gpxtpx:speed></gpxtpx:TrackPointExtension></extensions><src>gps</src></trkpt>
<trkpt lat="35.727258855476975" lon="139.87317136488855"><ele>38.0</ele><time>2025-10-06T01:38:41.000Z</time><extensions><gpxtpx:TrackPointExtension><gpxtpx:bearing>227.5</gpxtpx:bearing><gpxtpx:speed>33.39</gpxtpx:speed></gpxtpx:TrackPointExtension></extensions><src>gps</src></trkpt>
<trkpt lat="35.726847178302705" lon="139.8726180754602"><ele>36.0</ele><time>2025-10-06T01:38:43.000Z</time><extensions><gpxtpx:TrackPointExtension><gpxtpx:bearing>228.0</gpxtpx:bearing><gpxtpx:speed>33.67</gpxtpx:speed></gpxtpx:TrackPointExtension></extensions><src>gps</src></trkpt>
<trkpt lat="35.72643730323762" lon="139.87205891869962"><ele>36.0</ele><time>2025-10-06T01:38:45.000Z</time><extensions><gpxtpx:TrackPointExtension><gpxtpx:bearing>228.6</gpxtpx:bearing><gpxtpx:speed>34.12</gpxtpx:speed></gpxtpx:TrackPointExtension></extensions><src>gps</src></trkpt>
<trkpt lat="35.72604804765433" lon="139.8714832495898"><ele>35.0</ele><time>2025-10-06T01:38:47.000Z</time><extensions><gpxtpx:TrackPointExtension><gpxtpx:bearing>231.3</gpxtpx:bearing><gpxtpx:speed>33.57</gpxtpx:speed></gpxtpx:TrackPointExtension></extensions><src>gps</src></trkpt>
<trkpt lat="35.7256740052253" lon="139.87089584581554"><ele>35.0</ele><time>2025-10-06T01:38:49.000Z</time><extensions><gpxtpx:TrackPointExtension><gpxtpx:bearing>231.5</gpxtpx:bearing><gpxtpx:speed>33.28</gpxtpx:speed></gpxtpx:TrackPointExtension></extensions><src>gps</src></trkpt>
<trkpt lat="35.7252934249118" lon="139.8702907562256"><ele>33.0</ele><time>2025-10-06T01:38:51.000Z</time><extensions><gpxtpx:TrackPointExtension><gpxtpx:bearing>231.3</gpxtpx:bearing><gpxtpx:speed>34.02</gpxtpx:speed></gpxtpx:TrackPointExtension></extensions><src>gps</src></trkpt>
<trkpt lat="35.724899768829346" lon="139.86969756893814"><ele>32.0</ele><time>2025-10-06T01:38:53.000Z</time><extensions><gpxtpx:TrackPointExtension><gpxtpx:bearing>230.4</gpxtpx:bearing><gpxtpx:speed>34.26</gpxtpx:speed></gpxtpx:TrackPointExtension></extensions><src>gps</src></trkpt>
<trkpt lat="35.7244971441105" lon="139.86911008134484"><ele>32.0</ele><time>2025-10-06T01:38:55.000Z</time><extensions><gpxtpx:TrackPointExtension><gpxtpx:bearing>230.7</gpxtpx:bearing><gpxtpx:speed>33.94</gpxtpx:speed></gpxtpx:TrackPointExtension></extensions><src>gps</src></trkpt>
<trkpt lat="35.724095441401005" lon="139.86852393485606"><ele>32.0</ele><time>2025-10-06T01:38:57.000Z</time><extensions><gpxtpx:TrackPointExtension><gpxtpx:bearing>230.0</gpxtpx:bearing><gpxtpx:speed>34.469997</gpxtpx:speed></gpxtpx:TrackPointExtension></extensions><src>gps</src></trkpt>
<trkpt lat="35.72368556633592" lon="139.86794617027044"><ele>33.0</ele><time>2025-10-06T01:38:59.000Z</time><extensions><gpxtpx:TrackPointExtension><gpxtpx:bearing>228.4</gpxtpx:bearing><gpxtpx:speed>34.5</gpxtpx:speed></gpxtpx:TrackPointExtension></extensions><src>gps</src></trkpt>
<trkpt lat="35.723261358216405" lon="139.86737804487348"><ele>33.0</ele><time>2025-10-06T01:39:01.000Z</time><extensions><gpxtpx:TrackPointExtension><gpxtpx:bearing>226.4</gpxtpx:bearing><gpxtpx:speed>34.73</gpxtpx:speed></gpxtpx:TrackPointExtension></extensions><src>gps</src></trkpt>
<trkpt lat="35.72282281704247" lon="139.86684336327016"><ele>32.0</ele><time>2025-10-06T01:39:03.000Z</time><extensions><gpxtpx:TrackPointExtension><gpxtpx:bearing>224.8</gpxtpx:bearing><gpxtpx:speed>34.0</gpxtpx:speed></gpxtpx:TrackPointExtension></extensions><src>gps</src></trkpt>
<trkpt lat="35.72239605244249" lon="139.86630398780107"><ele>31.0</ele><time>2025-10-06T01:39:05.000Z</time><extensions><gpxtpx:TrackPointExtension><gpxtpx:bearing>225.0</gpxtpx:bearing><gpxtpx:speed>33.94</gpxtpx:speed></gpxtpx:TrackPointExtension></extensions><src>gps</src></trkpt>
<trkpt lat="35.721961786039174" lon="139.86577768810093"><ele>30.0</ele><time>2025-10-06T01:39:07.000Z</time><extensions><gpxtpx:TrackPointExtension><gpxtpx:bearing>225.1</gpxtpx:bearing><gpxtpx:speed>33.87</gpxtpx:speed></gpxtpx:TrackPointExtension></extensions><src>gps</src></trkpt>
<trkpt lat="35.721531081944704" lon="139.86525599844754"><ele>31.0</ele><time>2025-10-06T01:39:09.000Z</time><extensions><gpxtpx:TrackPointExtension><gpxtpx:bearing>225.4</gpxtpx:bearing><gpxtpx:speed>33.8</gpxtpx:speed></gpxtpx:TrackPointExtension></extensions><src>gps</src></trkpt>
<trkpt lat="35.72111735120416" lon="139.86471737734973"><ele>32.0</ele><time>2025-10-06T01:39:11.000Z</time><extensions><gpxtpx:TrackPointExtension><gpxtpx:bearing>229.1</gpxtpx:bearing><gpxtpx:speed>33.809998</gpxtpx:speed></gpxtpx:TrackPointExtension></extensions><src>gps</src></trkpt>
<trkpt lat="35.72071778587997" lon="139.8641614895314"><ele>33.0</ele><time>2025-10-06T01:39:13.000Z</time><extensions><gpxtpx:TrackPointExtension><gpxtpx:bearing>229.3</gpxtpx:bearing><gpxtpx:speed>33.57</gpxtpx:speed></gpxtpx:TrackPointExtension></extensions><src>gps</src></trkpt>
<trkpt lat="35.72033158969134" lon="139.86359789036214"><ele>32.0</ele><time>2025-10-06T01:39:15.000Z</time><extensions><gpxtpx:TrackPointExtension><gpxtpx:bearing>229.3</gpxtpx:bearing><gpxtpx:speed>33.44</gpxtpx:speed></gpxtpx:TrackPointExtension></extensions><src>gps</src></trkpt>
<trkpt lat="35.719936466775835" lon="139.86303814686835"><ele>34.0</ele><time>2025-10-06T01:39:17.000Z</time><extensions><gpxtpx:TrackPointExtension><gpxtpx:bearing>229.5</gpxtpx:bearing><gpxtpx:speed>33.32</gpxtpx:speed></gpxtpx:TrackPointExtension></extensions><src>gps</src></trkpt>
<trkpt lat="35.719543690793216" lon="139.86248745582998"><ele>37.0</ele><time>2025-10-06T01:39:19.000Z</time><extensions><gpxtpx:TrackPointExtension><gpxtpx:bearing>230.0</gpxtpx:bearing><gpxtpx:speed>33.09</gpxtpx:speed></gpxtpx:TrackPointExtension></extensions><src>gps</src></trkpt>
<trkpt lat="35.71916696615517" lon="139.8619148042053"><ele>37.0</ele><time>2025-10-06T01:39:21.000Z</time><extensions><gpxtpx:TrackPointExtension><gpxtpx:bearing>232.2</gpxtpx:bearing><gpxtpx:speed>32.969997</gpxtpx:speed></gpxtpx:TrackPointExtension></extensions><src>gps</src></trkpt>
<trkpt lat="35.71883257012814" lon="139.86132446676493"><ele>38.0</ele><time>2025-10-06T01:39:23.000Z</time><extensions><gpxtpx:TrackPointExtension><gpxtpx:bearing>237.4</gpxtpx:bearing><gpxtpx:speed>32.899998</gpxtpx:speed></gpxtpx:TrackPointExtension></extensions><src>gps</src></trkpt>
<trkpt lat="35.71851694956422" lon="139.86070269718766"><ele>37.0</ele><time>2025-10-06T01:39:25.000Z</time><extensions><gpxtpx:TrackPointExtension><gpxtpx:bearing>237.5</gpxtpx:bearing><gpxtpx:speed>32.95</gpxtpx:speed></gpxtpx:TrackPointExtension></extensions><src>gps</src></trkpt>
<trkpt lat="35.714998645707965" lon="139.85508313402534"><ele>43.0</ele><time>2025-10-06T01:39:45.000Z</time><extensions><gpxtpx:TrackPointExtension><gpxtpx:bearing>232.5</gpxtpx:bearing><gpxtpx:speed>32.25</gpxtpx:speed></gpxtpx:TrackPointExtension></extensions><geoidheight>39.3</geoidheight><src>gps</src><sat>31</sat><hdop>0.4</hdop><vdop>0.8</vdop><pdop>1.0</pdop></trkpt>
<trkpt lat="35.71482195518911" lon="139.8547952156514"><ele>44.0</ele><time>2025-10-06T01:39:46.000Z</time><extensions><gpxtpx:TrackPointExtension><gpxtpx:bearing>232.6</gpxtpx:bearing><gpxtpx:speed>32.469997</gpxtpx:speed></gpxtpx:TrackPointExtension></extensions><src>gps</src></trkpt>
<trkpt lat="35.714468490332365" lon="139.85421636141837"><ele>43.0</ele><time>2025-10-06T01:39:48.000Z</time><extensions><gpxtpx:TrackPointExtension><gpxtpx:bearing>231.8</gpxtpx:bearing><gpxtpx:speed>32.66</gpxtpx:speed></gpxtpx:TrackPointExtension></extensions><src>gps</src></trkpt>
<trkpt lat="35.714101823978126" lon="139.8536334000528"><ele>42.0</ele><time>2025-10-06T01:39:50.000Z</time><extensions><gpxtpx:TrackPointExtension><gpxtpx:bearing>231.3</gpxtpx:bearing><gpxtpx:speed>33.239998</gpxtpx:speed></gpxtpx:TrackPointExtension></extensions><src>gps</src></trkpt>
<trkpt lat="35.71372694335878" lon="139.85306250862777"><ele>42.0</ele><time>2025-10-06T01:39:52.000Z</time><extensions><gpxtpx:TrackPointExtension><gpxtpx:bearing>229.8</gpxtpx:bearing><gpxtpx:speed>33.48</gpxtpx:speed></gpxtpx:TrackPointExtension></extensions><src>gps</src></trkpt>
<trkpt lat="35.71334531530738" lon="139.8525118175894"><ele>41.0</ele><time>2025-10-06T01:39:54.000Z</time><extensions><gpxtpx:TrackPointExtension><gpxtpx:bearing>230.2</gpxtpx:bearing><gpxtpx:speed>32.86</gpxtpx:speed></gpxtpx:TrackPointExtension></extensions><src>gps</src></trkpt>
<trkpt lat="35.7129634777084" lon="139.85193916596472"><ele>41.0</ele><time>2025-10-06T01:39:56.000Z</time><extensions><gpxtpx:TrackPointExtension><gpxtpx:bearing>230.1</gpxtpx:bearing><gpxtpx:speed>33.91</gpxtpx:speed></gpxtpx:TrackPointExtension></extensions><src>gps</src></trkpt>
<trkpt lat="35.71256919298321" lon="139.85135461203754"><ele>41.0</ele><time>2025-10-06T01:39:58.000Z</time><extensions><gpxtpx:TrackPointExtension><gpxtpx:bearing>230.1</gpxtpx:bearing><gpxtpx:speed>34.579998</gpxtpx:speed></gpxtpx:TrackPointExtension></extensions><src>gps</src></trkpt>
<trkpt lat="35.71236899122596" lon="139.85106660984457"><ele>43.0</ele><time>2025-10-06T01:39:59.000Z</time><extensions><gpxtpx:TrackPointExtension><gpxtpx:bearing>230.2</gpxtpx:bearing><gpxtpx:speed>34.05</gpxtpx:speed></gpxtpx:TrackPointExtension></extensions><src>gps</src></trkpt>
<trkpt lat="35.7119618402794" lon="139.85047350637615"><ele>44.0</ele><time>2025-10-06T01:40:01.000Z</time><extensions><gpxtpx:TrackPointExtension><gpxtpx:bearing>230.2</gpxtpx:bearing><gpxtpx:speed>34.88</gpxtpx:speed></gpxtpx:TrackPointExtension></extensions><src>gps</src></trkpt>
<trkpt lat="35.71155938319862" lon="139.8498835042119"><ele>46.0</ele><time>2025-10-06T01:40:03.000Z</time><extensions><gpxtpx:TrackPointExtension><gpxtpx:bearing>230.2</gpxtpx:bearing><gpxtpx:speed>34.53</gpxtpx:speed></gpxtpx:TrackPointExtension></extensions><src>gps</src></trkpt>
<trkpt lat="35.711156046018004" lon="139.84929023310542"><ele>44.0</ele><time>2025-10-06T01:40:05.000Z</time><extensions><gpxtpx:TrackPointExtension><gpxtpx:bearing>230.1</gpxtpx:bearing><gpxtpx:speed>34.73</gpxtpx:speed></gpxtpx:TrackPointExtension></extensions><src>gps</src></trkpt>
<trkpt lat="35.71076088119298" lon="139.84870140440762"><ele>43.0</ele><time>2025-10-06T01:40:07.000Z</time><extensions><gpxtpx:TrackPointExtension><gpxtpx:bearing>230.7</gpxtpx:bearing><gpxtpx:speed>33.92</gpxtpx:speed></gpxtpx:TrackPointExtension></extensions><src>gps</src></trkpt>
<trkpt lat="35.71036965586245" lon="139.8481080494821"><ele>40.0</ele><time>2025-10-06T01:40:09.000Z</time><extensions><gpxtpx:TrackPointExtension><gpxtpx:bearing>230.7</gpxtpx:bearing><gpxtpx:speed>34.38</gpxtpx:speed></gpxtpx:TrackPointExtension></extensions><src>gps</src></trkpt>
<trkpt lat="35.7099680788815" lon="139.84752005897462"><ele>40.0</ele><time>2025-10-06T01:40:11.000Z</time><extensions><gpxtpx:TrackPointExtension><gpxtpx:bearing>230.1</gpxtpx:bearing><gpxtpx:speed>34.53</gpxtpx:speed></gpxtpx:TrackPointExtension></extensions><src>gps</src></trkpt>
<trkpt lat="35.709562394768" lon="139.84693550504744"><ele>41.0</ele><time>2025-10-06T01:40:13.000Z</time><extensions><gpxtpx:TrackPointExtension><gpxtpx:bearing>229.7</gpxtpx:bearing><gpxtpx:speed>34.02</gpxtpx:speed></gpxtpx:TrackPointExtension></extensions><src>gps</src></trkpt>
<trkpt lat="35.709132235497236" lon="139.84635941684246"><ele>40.0</ele><time>2025-10-06T01:40:15.000Z</time><extensions><gpxtpx:TrackPointExtension><gpxtpx:bearing>225.1</gpxtpx:bearing><gpxtpx:speed>34.76</gpxtpx:speed></gpxtpx:TrackPointExtension></extensions><src>gps</src></trkpt>
<trkpt lat="35.708696502260864" lon="139.84580277465284"><ele>39.0</ele><time>2025-10-06T01:40:17.000Z</time><extensions><gpxtpx:TrackPointExtension><gpxtpx:bearing>226.7</gpxtpx:bearing><gpxtpx:speed>34.29</gpxtpx:speed></gpxtpx:TrackPointExtension></extensions><src>gps</src></trkpt>
<trkpt lat="35.70828821975738" lon="139.84522878192365"><ele>39.0</ele><time>2025-10-06T01:40:19.000Z</time><extensions><gpxtpx:TrackPointExtension><gpxtpx:bearing>230.5</gpxtpx:bearing><gpxtpx:speed>34.809998</gpxtpx:speed></gpxtpx:TrackPointExtension></extensions><src>gps</src></trkpt>
<trkpt lat="35.70789221674204" lon="139.84463131986558"><ele>39.0</ele><time>2025-10-06T01:40:21.000Z</time><extensions><gpxtpx:TrackPointExtension><gpxtpx:bearing>231.0</gpxtpx:bearing><gpxtpx:speed>34.89</gpxtpx:speed></gpxtpx:TrackPointExtension></extensions><src>gps</src></trkpt>
<trkpt lat="35.707495752722025" lon="139.8440335225314"><ele>40.0</ele><time>2025-10-06T01:40:23.000Z</time><extensions><gpxtpx:TrackPointExtension><gpxtpx:bearing>231.7</gpxtpx:bearing><gpxtpx:speed>34.37</gpxtpx:speed></gpxtpx:TrackPointExtension></extensions><src>gps</src></trkpt>
<trkpt lat="35.707112406380475" lon="139.84342952258885"><ele>39.0</ele><time>2025-10-06T01:40:25.000Z</time><extensions><gpxtpx:TrackPointExtension><gpxtpx:bearing>231.7</gpxtpx:bearing><gpxtpx:speed>34.149998</gpxtpx:speed></gpxtpx:TrackPointExtension></extensions><src>gps</src></trkpt>
<trkpt lat="35.706743812188506" lon="139.84284362755716"><ele>38.0</ele><time>2025-10-06T01:40:27.000Z</time><extensions><gpxtpx:TrackPointExtension><gpxtpx:bearing>231.1</gpxtpx:bearing><gpxtpx:speed>32.579998</gpxtpx:speed></gpxtpx:TrackPointExtension></extensions><src>gps</src></trkpt>
<trkpt lat="35.705134528689086" lon="139.84053843654692"><ele>39.0</ele><time>2025-10-06T01:40:36.000Z</time><extensions><gpxtpx:TrackPointExtension><gpxtpx:bearing>221.8</gpxtpx:bearing><gpxtpx:speed>30.09</gpxtpx:speed></gpxtpx:TrackPointExtension></extensions><geoidheight>39.3</geoidheight><src>gps</src><sat>32</sat><hdop>0.4</hdop><vdop>0.8</vdop><pdop>0.8</pdop></trkpt>
<trkpt lat="35.7049247296527" lon="139.84032545238733"><ele>39.0</ele><time>2025-10-06T01:40:37.000Z</time><extensions><gpxtpx:TrackPointExtension><gpxtpx:bearing>220.4</gpxtpx:bearing><gpxtpx:speed>30.029999</gpxtpx:speed></gpxtpx:TrackPointExtension></extensions><src>gps</src></trkpt>
<trkpt lat="35.70451523177326" lon="139.83994835056365"><ele>40.0</ele><time>2025-10-06T01:40:39.000Z</time><extensions><gpxtpx:TrackPointExtension><gpxtpx:bearing>215.8</gpxtpx:bearing><gpxtpx:speed>29.38</gpxtpx:speed></gpxtpx:TrackPointExtension></extensions><src>gps</src></trkpt>
<trkpt lat="35.70408083964139" lon="139.83958440832794"><ele>40.0</ele><time>2025-10-06T01:40:41.000Z</time><extensions><gpxtpx:TrackPointExtension><gpxtpx:bearing>215.3</gpxtpx:bearing><gpxtpx:speed>29.24</gpxtpx:speed></gpxtpx:TrackPointExtension></extensions><src>gps</src></trkpt>
<trkpt lat="35.703645148314536" lon="139.83922641724348"><ele>40.0</ele><time>2025-10-06T01:40:43.000Z</time><extensions><gpxtpx:TrackPointExtension><gpxtpx:bearing>212.6</gpxtpx:bearing><gpxtpx:speed>29.08</gpxtpx:speed></gpxtpx:TrackPointExtension></extensions><src>gps</src></trkpt>
<trkpt lat="35.70319646503776" lon="139.8388960864395"><ele>39.0</ele><time>2025-10-06T01:40:45.000Z</time><extensions><gpxtpx:TrackPointExtension><gpxtpx:bearing>209.2</gpxtpx:bearing><gpxtpx:speed>28.539999</gpxtpx:speed></gpxtpx:TrackPointExtension></extensions><src>gps</src></trkpt>
<trkpt lat="35.7027438422665" lon="139.8386117722839"><ele>41.0</ele><time>2025-10-06T01:40:47.000Z</time><extensions><gpxtpx:TrackPointExtension><gpxtpx:bearing>206.6</gpxtpx:bearing><gpxtpx:speed>28.38</gpxtpx:speed></gpxtpx:TrackPointExtension></extensions><src>gps</src></trkpt>
<trkpt lat="35.70183671079576" lon="139.83805923722684"><ele>40.0</ele><time>2025-10-06T01:40:51.000Z</time><extensions><gpxtpx:TrackPointExtension><gpxtpx:bearing>205.4</gpxtpx:bearing><gpxtpx:speed>28.099998</gpxtpx:speed></gpxtpx:TrackPointExtension></extensions><src>gps</src></trkpt>
<trkpt lat="35.70137507747859" lon="139.83778120949864"><ele>39.0</ele><time>2025-10-06T01:40:53.000Z</time><extensions><gpxtpx:TrackPointExtension><gpxtpx:bearing>206.0</gpxtpx:bearing><gpxtpx:speed>28.07</gpxtpx:speed></gpxtpx:TrackPointExtension></extensions><src>gps</src></trkpt>
<trkpt lat="35.70092362817377" lon="139.83752145431936"><ele>37.0</ele><time>2025-10-06T01:40:55.000Z</time><extensions><gpxtpx:TrackPointExtension><gpxtpx:bearing>205.5</gpxtpx:bearing><gpxtpx:speed>27.47</gpxtpx:speed></gpxtpx:TrackPointExtension></extensions><src>gps</src></trkpt>
<trkpt lat="35.70047041866928" lon="139.83727192506194"><ele>38.0</ele><time>2025-10-06T01:40:57.000Z</time><extensions><gpxtpx:TrackPointExtension><gpxtpx:bearing>205.1</gpxtpx:bearing><gpxtpx:speed>27.349998</gpxtpx:speed></gpxtpx:TrackPointExtension></extensions><src>gps</src></trkpt>
<trkpt lat="35.7000240823254" lon="139.83700345270336"><ele>40.0</ele><time>2025-10-06T01:40:59.000Z</time><extensions><gpxtpx:TrackPointExtension><gpxtpx:bearing>208.6</gpxtpx:bearing><gpxtpx:speed>26.89</gpxtpx:speed></gpxtpx:TrackPointExtension></extensions><src>gps</src></trkpt>
<trkpt lat="35.69961056113243" lon="139.8366734571755"><ele>40.0</ele><time>2025-10-06T01:41:01.000Z</time><extensions><gpxtpx:TrackPointExtension><gpxtpx:bearing>217.1</gpxtpx:bearing><gpxtpx:speed>27.289999</gpxtpx:speed></gpxtpx:TrackPointExtension></extensions><src>gps</src></trkpt>
<trkpt lat="35.69923949427903" lon="139.83627129346132"><ele>40.0</ele><time>2025-10-06T01:41:03.000Z</time><extensions><gpxtpx:TrackPointExtension><gpxtpx:bearing>223.6</gpxtpx:bearing><gpxtpx:speed>27.5</gpxtpx:speed></gpxtpx:TrackPointExtension></extensions><src>gps</src></trkpt>
<trkpt lat="35.69889667443931" lon="139.8358221910894"><ele>41.0</ele><time>2025-10-06T01:41:05.000Z</time><extensions><gpxtpx:TrackPointExtension><gpxtpx:bearing>229.6</gpxtpx:bearing><gpxtpx:speed>27.46</gpxtpx:speed></gpxtpx:TrackPointExtension></extensions><src>gps</src></trkpt>
<trkpt lat="35.69859417155385" lon="139.83533713035285"><ele>41.0</ele><time>2025-10-06T01:41:07.000Z</time><extensions><gpxtpx:TrackPointExtension><gpxtpx:bearing>235.2</gpxtpx:bearing><gpxtpx:speed>27.63</gpxtpx:speed></gpxtpx:TrackPointExtension></extensions><src>gps</src></trkpt>
<trkpt lat="35.69833827205002" lon="139.83481166884303"><ele>42.0</ele><time>2025-10-06T01:41:09.000Z</time><extensions><gpxtpx:TrackPointExtension><gpxtpx:bearing>241.5</gpxtpx:bearing><gpxtpx:speed>27.67</gpxtpx:speed></gpxtpx:TrackPointExtension></extensions><src>gps</src></trkpt>
<trkpt lat="35.69811610970646" lon="139.8342550266534"><ele>42.0</ele><time>2025-10-06T01:41:11.000Z</time><extensions><gpxtpx:TrackPointExtension><gpxtpx:bearing>245.5</gpxtpx:bearing><gpxtpx:speed>27.64</gpxtpx:speed></gpxtpx:TrackPointExtension></extensions><src>gps</src></trkpt>
<trkpt lat="35.69793937727809" lon="139.8336859792471"><ele>42.0</ele><time>2025-10-06T01:41:13.000Z</time><extensions><gpxtpx:TrackPointExtension><gpxtpx:bearing>250.2</gpxtpx:bearing><gpxtpx:speed>27.83</gpxtpx:speed></gpxtpx:TrackPointExtension></extensions><src>gps</src></trkpt>
<trkpt lat="35.6977826775983" lon="139.8331003356725"><ele>42.0</ele><time>2025-10-06T01:41:15.000Z</time><extensions><gpxtpx:TrackPointExtension><gpxtpx:bearing>254.0</gpxtpx:bearing><gpxtpx:speed>27.529999</gpxtpx:speed></gpxtpx:TrackPointExtension></extensions><src>gps</src></trkpt>
</trkseg></trk></gpx>